{
"type": "FeatureCollection",
"name": "estaciones_senamhi",
"crs": { "type": "name", "properties": { "name": "urn:ogc:def:crs:OGC:1.3:CRS84" } },
"features": [
{ "type": "Feature", "properties": { "nombre": "MONTEGRANDE", "categoria": "CO", "ico": "M", "codigo": "100090", "codigo_old": "000396", "estado": "DIFERIDO" }, "geometry": { "type": "Point", "coordinates": [ -79.15323, -7.22499 ] } },
{ "type": "Feature", "properties": { "nombre": "YONAN GORE", "categoria": "HLM", "ico": "H", "codigo": "201204", "codigo_old": "201204", "estado": "DIFERIDO" }, "geometry": { "type": "Point", "coordinates": [ -79.09908, -7.25592 ] } },
{ "type": "Feature", "properties": { "nombre": "QUEROCOTILLO", "categoria": "PLU", "ico": "M", "codigo": "106067", "codigo_old": "153109", "estado": "DIFERIDO" }, "geometry": { "type": "Point", "coordinates": [ -79.03696, -6.27366 ] } },
{ "type": "Feature", "properties": { "nombre": "PUENTE  MAYGASBAMBA", "categoria": "HLG", "ico": "H", "codigo": "221110", "codigo_old": "220307", "estado": "DIFERIDO" }, "geometry": { "type": "Point", "coordinates": [ -78.52437, -6.67411 ] } },
{ "type": "Feature", "properties": { "nombre": "QUEBRADA SHUGAR", "categoria": "PLU", "ico": "M", "codigo": "100113", "codigo_old": "153108", "estado": "DIFERIDO" }, "geometry": { "type": "Point", "coordinates": [ -78.45694, -6.68778 ] } },
{ "type": "Feature", "properties": { "nombre": "CHUGUR", "categoria": "PLU", "ico": "M", "codigo": "106077", "codigo_old": "153208", "estado": "DIFERIDO" }, "geometry": { "type": "Point", "coordinates": [ -78.738, -6.66878 ] } },
{ "type": "Feature", "properties": { "nombre": "CACAO", "categoria": "HLM", "ico": "H", "codigo": "220405", "codigo_old": "220405", "estado": "DIFERIDO" }, "geometry": { "type": "Point", "coordinates": [ -78.9625, -5.8837 ] } },
{ "type": "Feature", "properties": { "nombre": "EL LIMON", "categoria": "CO", "ico": "M", "codigo": "105057", "codigo_old": "000241", "estado": "DIFERIDO" }, "geometry": { "type": "Point", "coordinates": [ -79.31722, -5.91778 ] } },
{ "type": "Feature", "properties": { "nombre": "HACIENDA PUCARA", "categoria": "PLU", "ico": "M", "codigo": "106065", "codigo_old": "153107", "estado": "DIFERIDO" }, "geometry": { "type": "Point", "coordinates": [ -79.13389, -6.04167 ] } },
{ "type": "Feature", "properties": { "nombre": "SAN MIGUEL", "categoria": "EAMA", "ico": "M", "codigo": "105142", "codigo_old": "105142", "estado": "DIFERIDO" }, "geometry": { "type": "Point", "coordinates": [ -78.91138, -5.24006 ] } },
{ "type": "Feature", "properties": { "nombre": "COCHALAN", "categoria": "PLU", "ico": "M", "codigo": "105111", "codigo_old": "152212", "estado": "DIFERIDO" }, "geometry": { "type": "Point", "coordinates": [ -78.9888, -5.4654 ] } },
{ "type": "Feature", "properties": { "nombre": "COCHALAN", "categoria": "HLG", "ico": "H", "codigo": "220814", "codigo_old": "220815", "estado": "DIFERIDO" }, "geometry": { "type": "Point", "coordinates": [ -78.9885, -5.4651 ] } },
{ "type": "Feature", "properties": { "nombre": "TABACONAS", "categoria": "HLG", "ico": "H", "codigo": "220812", "codigo_old": "220813", "estado": "DIFERIDO" }, "geometry": { "type": "Point", "coordinates": [ -79.28779, -5.32221 ] } },
{ "type": "Feature", "properties": { "nombre": "LIVES", "categoria": "PLU", "ico": "M", "codigo": "107055", "codigo_old": "153111", "estado": "DIFERIDO" }, "geometry": { "type": "Point", "coordinates": [ -79.04045, -7.0802 ] } },
{ "type": "Feature", "properties": { "nombre": "CIRATO", "categoria": "HLG", "ico": "H", "codigo": "106122", "codigo_old": "200909", "estado": "DIFERIDO" }, "geometry": { "type": "Point", "coordinates": [ -79.07395, -6.65579 ] } },
{ "type": "Feature", "properties": { "nombre": "CHANCAY BAÑOS", "categoria": "CO", "ico": "M", "codigo": "106022", "codigo_old": "000395", "estado": "DIFERIDO" }, "geometry": { "type": "Point", "coordinates": [ -78.86722, -6.575 ] } },
{ "type": "Feature", "properties": { "nombre": "SALCCA", "categoria": "PE", "ico": "M", "codigo": "114131", "codigo_old": "114131", "estado": "DIFERIDO" }, "geometry": { "type": "Point", "coordinates": [ -71.23187, -14.16997 ] } },
{ "type": "Feature", "properties": { "nombre": "CHACLLABAMBA", "categoria": "CO", "ico": "M", "codigo": "113139", "codigo_old": "155518", "estado": "DIFERIDO" }, "geometry": { "type": "Point", "coordinates": [ -71.72, -13.10855 ] } },
{ "type": "Feature", "properties": { "nombre": "CHONTACHACA", "categoria": "CO", "ico": "M", "codigo": "100030", "codigo_old": "006671", "estado": "DIFERIDO" }, "geometry": { "type": "Point", "coordinates": [ -71.46778, -13.02389 ] } },
{ "type": "Feature", "properties": { "nombre": "HUANCALPI", "categoria": "CO", "ico": "M", "codigo": "112142", "codigo_old": "156126", "estado": "DIFERIDO" }, "geometry": { "type": "Point", "coordinates": [ -75.24179, -12.58029 ] } },
{ "type": "Feature", "properties": { "nombre": "HUACHOS", "categoria": "CO", "ico": "M", "codigo": "113067", "codigo_old": "151503", "estado": "DIFERIDO" }, "geometry": { "type": "Point", "coordinates": [ -75.53348, -13.2206 ] } },
{ "type": "Feature", "properties": { "nombre": "SAN JUAN DE CASTROVIRREYNA", "categoria": "CO", "ico": "M", "codigo": "113082", "codigo_old": "156114", "estado": "DIFERIDO" }, "geometry": { "type": "Point", "coordinates": [ -75.62758, -13.21198 ] } },
{ "type": "Feature", "properties": { "nombre": "CHOCLOCOCHA", "categoria": "CO", "ico": "M", "codigo": "113091", "codigo_old": "156130", "estado": "DIFERIDO" }, "geometry": { "type": "Point", "coordinates": [ -75.07145, -13.1588 ] } },
{ "type": "Feature", "properties": { "nombre": "PAUCARBAMBA", "categoria": "CO", "ico": "M", "codigo": "112066", "codigo_old": "000658", "estado": "DIFERIDO" }, "geometry": { "type": "Point", "coordinates": [ -74.53592, -12.55573 ] } },
{ "type": "Feature", "properties": { "nombre": "CORDOVA", "categoria": "PLU", "ico": "M", "codigo": "114065", "codigo_old": "157101", "estado": "DIFERIDO" }, "geometry": { "type": "Point", "coordinates": [ -75.18698, -14.04061 ] } },
{ "type": "Feature", "properties": { "nombre": "TUNEL CERO", "categoria": "CO", "ico": "M", "codigo": "113016", "codigo_old": "000647", "estado": "DIFERIDO" }, "geometry": { "type": "Point", "coordinates": [ -75.08596, -13.25932 ] } },
{ "type": "Feature", "properties": { "nombre": "CUSICANCHA", "categoria": "CO", "ico": "M", "codigo": "113086", "codigo_old": "156121", "estado": "DIFERIDO" }, "geometry": { "type": "Point", "coordinates": [ -75.29625, -13.50399 ] } },
{ "type": "Feature", "properties": { "nombre": "CHALLACA PLU", "categoria": "PLU", "ico": "M", "codigo": "100025", "codigo_old": "000009", "estado": "DIFERIDO" }, "geometry": { "type": "Point", "coordinates": [ -75.40029, -13.7896 ] } },
{ "type": "Feature", "properties": { "nombre": "CHALLACA", "categoria": "CO", "ico": "M", "codigo": "113128", "codigo_old": "006640", "estado": "DIFERIDO" }, "geometry": { "type": "Point", "coordinates": [ -75.38212, -13.79047 ] } },
{ "type": "Feature", "properties": { "nombre": "SANTIAGO DE CHOCORVOS", "categoria": "CO", "ico": "M", "codigo": "113088", "codigo_old": "156123", "estado": "DIFERIDO" }, "geometry": { "type": "Point", "coordinates": [ -75.25083, -13.83308 ] } },
{ "type": "Feature", "properties": { "nombre": "TAMBO", "categoria": "CO", "ico": "M", "codigo": "113087", "codigo_old": "156122", "estado": "DIFERIDO" }, "geometry": { "type": "Point", "coordinates": [ -75.27418, -13.69163 ] } },
{ "type": "Feature", "properties": { "nombre": "CHINCHAVITO", "categoria": "HLM", "ico": "H", "codigo": "230003", "codigo_old": "230003", "estado": "DIFERIDO" }, "geometry": { "type": "Point", "coordinates": [ -75.9425, -9.515 ] } },
{ "type": "Feature", "properties": { "nombre": "TARUCA", "categoria": "HLM", "ico": "H", "codigo": "230002", "codigo_old": "230002", "estado": "DIFERIDO" }, "geometry": { "type": "Point", "coordinates": [ -76.15236, -9.85038 ] } },
{ "type": "Feature", "properties": { "nombre": "HUERTAS", "categoria": "HLM", "ico": "H", "codigo": "230717", "codigo_old": "230717", "estado": "DIFERIDO" }, "geometry": { "type": "Point", "coordinates": [ -76.20511, -10.1265 ] } },
{ "type": "Feature", "properties": { "nombre": "JACAS GRANDE", "categoria": "CO", "ico": "M", "codigo": "109085", "codigo_old": "109085", "estado": "DIFERIDO" }, "geometry": { "type": "Point", "coordinates": [ -76.76042, -9.5433 ] } },
{ "type": "Feature", "properties": { "nombre": "PUENTE BELLA", "categoria": "HLM", "ico": "H", "codigo": "230004", "codigo_old": "230004", "estado": "DIFERIDO" }, "geometry": { "type": "Point", "coordinates": [ -76.02935, -9.32411 ] } },
{ "type": "Feature", "properties": { "nombre": "PUENTE PEREZ", "categoria": "HLM", "ico": "H", "codigo": "230001", "codigo_old": "230001", "estado": "DIFERIDO" }, "geometry": { "type": "Point", "coordinates": [ -75.9825, -9.34694 ] } },
{ "type": "Feature", "properties": { "nombre": "HUAMANI EL TAMBO", "categoria": "HLM", "ico": "H", "codigo": "213504", "codigo_old": "213504", "estado": "DIFERIDO" }, "geometry": { "type": "Point", "coordinates": [ -75.58928, -13.84358 ] } },
{ "type": "Feature", "properties": { "nombre": "LOS MOLINOS", "categoria": "PLU", "ico": "M", "codigo": "113244", "codigo_old": "113244", "estado": "DIFERIDO" }, "geometry": { "type": "Point", "coordinates": [ -75.6786, -13.9248 ] } },
{ "type": "Feature", "properties": { "nombre": "CONTA", "categoria": "HLG", "ico": "H", "codigo": "203501", "codigo_old": "203501", "estado": "DIFERIDO" }, "geometry": { "type": "Point", "coordinates": [ -75.97514, -13.43942 ] } },
{ "type": "Feature", "properties": { "nombre": "HUALLPOCA", "categoria": "PLU", "ico": "M", "codigo": "114106", "codigo_old": "156225", "estado": "DIFERIDO" }, "geometry": { "type": "Point", "coordinates": [ -74.9559, -14.632 ] } },
{ "type": "Feature", "properties": { "nombre": "MADRIGAL", "categoria": "CO", "ico": "M", "codigo": "115092", "codigo_old": "157317", "estado": "DIFERIDO" }, "geometry": { "type": "Point", "coordinates": [ -71.80654, -15.60999 ] } },
{ "type": "Feature", "properties": { "nombre": "SUMBAY", "categoria": "HLG", "ico": "H", "codigo": "204702", "codigo_old": "204702", "estado": "DIFERIDO" }, "geometry": { "type": "Point", "coordinates": [ -71.1146, -15.8412 ] } },
{ "type": "Feature", "properties": { "nombre": "PILLONES", "categoria": "CO", "ico": "M", "codigo": "115126", "codigo_old": "158208", "estado": "DIFERIDO" }, "geometry": { "type": "Point", "coordinates": [ -71.2167, -15.98124 ] } },
{ "type": "Feature", "properties": { "nombre": "PUENTE COLGANTE-SIBAYO", "categoria": "HLG", "ico": "H", "codigo": "204604", "codigo_old": "204604", "estado": "DIFERIDO" }, "geometry": { "type": "Point", "coordinates": [ -71.4637, -15.4942 ] } },
{ "type": "Feature", "properties": { "nombre": "PORPERA", "categoria": "CO", "ico": "M", "codigo": "115101", "codigo_old": "157329", "estado": "DIFERIDO" }, "geometry": { "type": "Point", "coordinates": [ -71.3064, -15.3142 ] } },
{ "type": "Feature", "properties": { "nombre": "TISCO", "categoria": "CO", "ico": "M", "codigo": "115098", "codigo_old": "157325", "estado": "DIFERIDO" }, "geometry": { "type": "Point", "coordinates": [ -71.44702, -15.34577 ] } },
{ "type": "Feature", "properties": { "nombre": "CHICHAS", "categoria": "CO", "ico": "M", "codigo": "115078", "codigo_old": "157300", "estado": "DIFERIDO" }, "geometry": { "type": "Point", "coordinates": [ -72.91831, -15.54811 ] } },
{ "type": "Feature", "properties": { "nombre": "SALAMANCA", "categoria": "HLM", "ico": "H", "codigo": "204501", "codigo_old": "204501", "estado": "DIFERIDO" }, "geometry": { "type": "Point", "coordinates": [ -72.8318, -15.5033 ] } },
{ "type": "Feature", "properties": { "nombre": "YANAQUIHUA", "categoria": "CO", "ico": "M", "codigo": "115128", "codigo_old": "000864", "estado": "DIFERIDO" }, "geometry": { "type": "Point", "coordinates": [ -72.87584, -15.77649 ] } },
{ "type": "Feature", "properties": { "nombre": "LA HACIENDITA", "categoria": "CO", "ico": "M", "codigo": "117006", "codigo_old": "000838", "estado": "DIFERIDO" }, "geometry": { "type": "Point", "coordinates": [ -71.6008, -16.9986 ] } },
{ "type": "Feature", "properties": { "nombre": "CUYAU", "categoria": "HLM", "ico": "H", "codigo": "204506", "codigo_old": "204508", "estado": "DIFERIDO" }, "geometry": { "type": "Point", "coordinates": [ -72.9359, -15.2182 ] } },
{ "type": "Feature", "properties": { "nombre": "PULLHUAY (AYAHUASI)", "categoria": "CO", "ico": "M", "codigo": "115084", "codigo_old": "157309", "estado": "DIFERIDO" }, "geometry": { "type": "Point", "coordinates": [ -72.7439, -15.1459 ] } },
{ "type": "Feature", "properties": { "nombre": "PUYCA", "categoria": "CO", "ico": "M", "codigo": "115082", "codigo_old": "157307", "estado": "DIFERIDO" }, "geometry": { "type": "Point", "coordinates": [ -72.69262, -15.06055 ] } },
{ "type": "Feature", "properties": { "nombre": "HUANCASANCOS", "categoria": "CO", "ico": "M", "codigo": "100055", "codigo_old": "156218", "estado": "DIFERIDO" }, "geometry": { "type": "Point", "coordinates": [ -74.33361, -13.91694 ] } },
{ "type": "Feature", "properties": { "nombre": "HUANTA", "categoria": "CO", "ico": "M", "codigo": "112068", "codigo_old": "000660", "estado": "DIFERIDO" }, "geometry": { "type": "Point", "coordinates": [ -74.2832, -12.9113 ] } },
{ "type": "Feature", "properties": { "nombre": "HUASAPAMPA", "categoria": "HLG", "ico": "H", "codigo": "230705", "codigo_old": "230705", "estado": "DIFERIDO" }, "geometry": { "type": "Point", "coordinates": [ -73.95, -14.26667 ] } },
{ "type": "Feature", "properties": { "nombre": "LLAUTA", "categoria": "PLU", "ico": "M", "codigo": "114067", "codigo_old": "157200", "estado": "DIFERIDO" }, "geometry": { "type": "Point", "coordinates": [ -74.9255, -14.2466 ] } },
{ "type": "Feature", "properties": { "nombre": "LUCANAS", "categoria": "PLU", "ico": "M", "codigo": "114072", "codigo_old": "157206", "estado": "DIFERIDO" }, "geometry": { "type": "Point", "coordinates": [ -74.2328, -14.6204 ] } },
{ "type": "Feature", "properties": { "nombre": "LAMPA", "categoria": "PLU", "ico": "M", "codigo": "115076", "codigo_old": "157223", "estado": "DIFERIDO" }, "geometry": { "type": "Point", "coordinates": [ -73.34786, -15.18468 ] } },
{ "type": "Feature", "properties": { "nombre": "CHILCAYOC", "categoria": "CO", "ico": "M", "codigo": "113101", "codigo_old": "156212", "estado": "DIFERIDO" }, "geometry": { "type": "Point", "coordinates": [ -73.7268, -13.883 ] } },
{ "type": "Feature", "properties": { "nombre": "AYLAMBO", "categoria": "PE", "ico": "M", "codigo": "107033", "codigo_old": "000316", "estado": "DIFERIDO" }, "geometry": { "type": "Point", "coordinates": [ -78.51012, -7.19345 ] } },
{ "type": "Feature", "properties": { "nombre": "LA VICTORIA", "categoria": "PE", "ico": "M", "codigo": "107035", "codigo_old": "000318", "estado": "DIFERIDO" }, "geometry": { "type": "Point", "coordinates": [ -78.45947, -7.19119 ] } },
{ "type": "Feature", "properties": { "nombre": "CHOTANO LAJAS", "categoria": "PLU", "ico": "M", "codigo": "106084", "codigo_old": "153235", "estado": "DIFERIDO" }, "geometry": { "type": "Point", "coordinates": [ -78.7389, -6.5622 ] } },
{ "type": "Feature", "properties": { "nombre": "CASCABAMBA", "categoria": "HLM", "ico": "H", "codigo": "201301", "codigo_old": "201301", "estado": "DIFERIDO" }, "geometry": { "type": "Point", "coordinates": [ -78.73377, -7.38332 ] } },
{ "type": "Feature", "properties": { "nombre": "OCROS", "categoria": "PLU", "ico": "M", "codigo": "110051", "codigo_old": "155105", "estado": "DIFERIDO" }, "geometry": { "type": "Point", "coordinates": [ -77.40025, -10.40457 ] } },
{ "type": "Feature", "properties": { "nombre": "CAHUA", "categoria": "HLG", "ico": "H", "codigo": "202404", "codigo_old": "202404", "estado": "DIFERIDO" }, "geometry": { "type": "Point", "coordinates": [ -77.34389, -10.606 ] } },
{ "type": "Feature", "properties": { "nombre": "NUEVO PACHACOTO", "categoria": "PLU", "ico": "M", "codigo": "109095", "codigo_old": "109095", "estado": "DIFERIDO" }, "geometry": { "type": "Point", "coordinates": [ -77.40607, -9.85242 ] } },
{ "type": "Feature", "properties": { "nombre": "CHIRIACO", "categoria": "CO", "ico": "M", "codigo": "105104", "codigo_old": "000229", "estado": "DIFERIDO" }, "geometry": { "type": "Point", "coordinates": [ -78.28806, -5.16144 ] } },
{ "type": "Feature", "properties": { "nombre": "SANTA MARIA DE NIEVA", "categoria": "CO", "ico": "M", "codigo": "104060", "codigo_old": "000256", "estado": "DIFERIDO" }, "geometry": { "type": "Point", "coordinates": [ -77.93928, -4.83039 ] } },
{ "type": "Feature", "properties": { "nombre": "EL PINTOR", "categoria": "PLU", "ico": "M", "codigo": "105040", "codigo_old": "152204", "estado": "DIFERIDO" }, "geometry": { "type": "Point", "coordinates": [ -78.52286, -5.7562 ] } },
{ "type": "Feature", "properties": { "nombre": "MAGUNCHAL", "categoria": "PLU", "ico": "M", "codigo": "105046", "codigo_old": "152210", "estado": "DIFERIDO" }, "geometry": { "type": "Point", "coordinates": [ -78.1891, -5.8904 ] } },
{ "type": "Feature", "properties": { "nombre": "MAGUNCHAL", "categoria": "HLG", "ico": "H", "codigo": "221506", "codigo_old": "221506", "estado": "DIFERIDO" }, "geometry": { "type": "Point", "coordinates": [ -78.1886, -5.8898 ] } },
{ "type": "Feature", "properties": { "nombre": "EL PALTO", "categoria": "CO", "ico": "M", "codigo": "106121", "codigo_old": "003332", "estado": "DIFERIDO" }, "geometry": { "type": "Point", "coordinates": [ -78.47097, -6.00039 ] } },
{ "type": "Feature", "properties": { "nombre": "SAN PEDRO", "categoria": "HLM", "ico": "H", "codigo": "211404", "codigo_old": "201720", "estado": "DIFERIDO" }, "geometry": { "type": "Point", "coordinates": [ -77.50963, -9.60776 ] } },
{ "type": "Feature", "properties": { "nombre": "CHACCHAN", "categoria": "PLU", "ico": "M", "codigo": "109045", "codigo_old": "154107", "estado": "DIFERIDO" }, "geometry": { "type": "Point", "coordinates": [ -77.77536, -9.53519 ] } },
{ "type": "Feature", "properties": { "nombre": "PIRA", "categoria": "PLU", "ico": "M", "codigo": "109048", "codigo_old": "154110", "estado": "DIFERIDO" }, "geometry": { "type": "Point", "coordinates": [ -77.70719, -9.58528 ] } },
{ "type": "Feature", "properties": { "nombre": "MAYORARCA", "categoria": "PLU", "ico": "M", "codigo": "110040", "codigo_old": "150903", "estado": "DIFERIDO" }, "geometry": { "type": "Point", "coordinates": [ -77.34889, -10.15775 ] } },
{ "type": "Feature", "properties": { "nombre": "BUENA VISTA", "categoria": "CO", "ico": "M", "codigo": "109014", "codigo_old": "000435", "estado": "DIFERIDO" }, "geometry": { "type": "Point", "coordinates": [ -78.20825, -9.43371 ] } },
{ "type": "Feature", "properties": { "nombre": "CUNYAC", "categoria": "PLU", "ico": "M", "codigo": "113136", "codigo_old": "156224", "estado": "DIFERIDO" }, "geometry": { "type": "Point", "coordinates": [ -72.57594, -13.56334 ] } },
{ "type": "Feature", "properties": { "nombre": "CHARCANI", "categoria": "HLM", "ico": "H", "codigo": "204710", "codigo_old": "204711", "estado": "DIFERIDO" }, "geometry": { "type": "Point", "coordinates": [ -71.4949, -16.3109 ] } },
{ "type": "Feature", "properties": { "nombre": "LAS SALINAS", "categoria": "CO", "ico": "M", "codigo": "116046", "codigo_old": "158209", "estado": "DIFERIDO" }, "geometry": { "type": "Point", "coordinates": [ -71.1521, -16.3206 ] } },
{ "type": "Feature", "properties": { "nombre": "EL FRAYLE", "categoria": "CO", "ico": "M", "codigo": "116022", "codigo_old": "000849", "estado": "DIFERIDO" }, "geometry": { "type": "Point", "coordinates": [ -71.1891, -16.15482 ] } },
{ "type": "Feature", "properties": { "nombre": "YURA", "categoria": "PLU", "ico": "M", "codigo": "214500", "codigo_old": "214500", "estado": "DIFERIDO" }, "geometry": { "type": "Point", "coordinates": [ -71.62395, -16.30271 ] } },
{ "type": "Feature", "properties": { "nombre": "PATAHUASI-AREQUIPA", "categoria": "CO", "ico": "M", "codigo": "116073", "codigo_old": "116073", "estado": "DIFERIDO" }, "geometry": { "type": "Point", "coordinates": [ -71.41481, -16.05542 ] } },
{ "type": "Feature", "properties": { "nombre": "PAMPA DE ARRIEROS", "categoria": "CO", "ico": "M", "codigo": "116043", "codigo_old": "158204", "estado": "DIFERIDO" }, "geometry": { "type": "Point", "coordinates": [ -71.5914, -16.0665 ] } },
{ "type": "Feature", "properties": { "nombre": "AYO", "categoria": "CO", "ico": "M", "codigo": "115088", "codigo_old": "157313", "estado": "DIFERIDO" }, "geometry": { "type": "Point", "coordinates": [ -72.2704, -15.6833 ] } },
{ "type": "Feature", "properties": { "nombre": "CHACHAS", "categoria": "CO", "ico": "M", "codigo": "115087", "codigo_old": "157312", "estado": "DIFERIDO" }, "geometry": { "type": "Point", "coordinates": [ -72.2686, -15.5025 ] } },
{ "type": "Feature", "properties": { "nombre": "GORGOR", "categoria": "PLU", "ico": "M", "codigo": "110041", "codigo_old": "151208", "estado": "DIFERIDO" }, "geometry": { "type": "Point", "coordinates": [ -77.04027, -10.62136 ] } },
{ "type": "Feature", "properties": { "nombre": "ARAHUAY", "categoria": "PLU", "ico": "M", "codigo": "111057", "codigo_old": "151204", "estado": "DIFERIDO" }, "geometry": { "type": "Point", "coordinates": [ -76.67034, -11.62091 ] } },
{ "type": "Feature", "properties": { "nombre": "HUAMANTANGA", "categoria": "PLU", "ico": "M", "codigo": "111085", "codigo_old": "155209", "estado": "DIFERIDO" }, "geometry": { "type": "Point", "coordinates": [ -76.74675, -11.50247 ] } },
{ "type": "Feature", "properties": { "nombre": "HUAROS", "categoria": "PLU", "ico": "M", "codigo": "111089", "codigo_old": "155218", "estado": "DIFERIDO" }, "geometry": { "type": "Point", "coordinates": [ -76.5758, -11.40743 ] } },
{ "type": "Feature", "properties": { "nombre": "PARIACANCHA", "categoria": "HLM", "ico": "H", "codigo": "202801", "codigo_old": "202801", "estado": "DIFERIDO" }, "geometry": { "type": "Point", "coordinates": [ -76.50244, -11.39315 ] } },
{ "type": "Feature", "properties": { "nombre": "PARIACANCHA", "categoria": "PLU", "ico": "M", "codigo": "111067", "codigo_old": "155112", "estado": "DIFERIDO" }, "geometry": { "type": "Point", "coordinates": [ -76.50294, -11.39315 ] } },
{ "type": "Feature", "properties": { "nombre": "LACHAQUI", "categoria": "PLU", "ico": "M", "codigo": "111088", "codigo_old": "155217", "estado": "DIFERIDO" }, "geometry": { "type": "Point", "coordinates": [ -76.62706, -11.554 ] } },
{ "type": "Feature", "properties": { "nombre": "OBRAJILLO", "categoria": "PLU", "ico": "M", "codigo": "111159", "codigo_old": "156133", "estado": "DIFERIDO" }, "geometry": { "type": "Point", "coordinates": [ -76.62206, -11.45264 ] } },
{ "type": "Feature", "properties": { "nombre": "PIRCA", "categoria": "PLU", "ico": "M", "codigo": "111087", "codigo_old": "155214", "estado": "DIFERIDO" }, "geometry": { "type": "Point", "coordinates": [ -76.65513, -11.2328 ] } },
{ "type": "Feature", "properties": { "nombre": "AMAZONAS", "categoria": "HLM", "ico": "H", "codigo": "240503", "codigo_old": "240503", "estado": "DIFERIDO" }, "geometry": { "type": "Point", "coordinates": [ -73.25308, -3.76668 ] } },
{ "type": "Feature", "properties": { "nombre": "PUENTE ITAYA", "categoria": "HLM", "ico": "H", "codigo": "240502", "codigo_old": "240502", "estado": "DIFERIDO" }, "geometry": { "type": "Point", "coordinates": [ -73.48251, -4.22513 ] } },
{ "type": "Feature", "properties": { "nombre": "PUERTO ALMENDRA", "categoria": "HLM", "ico": "H", "codigo": "240302", "codigo_old": "240302", "estado": "DIFERIDO" }, "geometry": { "type": "Point", "coordinates": [ -73.37741, -3.82743 ] } },
{ "type": "Feature", "properties": { "nombre": "SAN ROQUE", "categoria": "CP", "ico": "M", "codigo": "103052", "codigo_old": "000176", "estado": "DIFERIDO" }, "geometry": { "type": "Point", "coordinates": [ -73.29333, -3.78667 ] } },
{ "type": "Feature", "properties": { "nombre": "SEDA LORETO", "categoria": "HLM", "ico": "H", "codigo": "240106", "codigo_old": "240105", "estado": "DIFERIDO" }, "geometry": { "type": "Point", "coordinates": [ -73.281, -3.7528 ] } },
{ "type": "Feature", "properties": { "nombre": "MORALILLO", "categoria": "CP", "ico": "M", "codigo": "103023", "codigo_old": "000153", "estado": "DIFERIDO" }, "geometry": { "type": "Point", "coordinates": [ -73.33833, -3.89967 ] } },
{ "type": "Feature", "properties": { "nombre": "ANGAMOS", "categoria": "HLM", "ico": "H", "codigo": "240401", "codigo_old": "240111", "estado": "DIFERIDO" }, "geometry": { "type": "Point", "coordinates": [ -72.8752, -5.1512 ] } },
{ "type": "Feature", "properties": { "nombre": "ANGAMOS", "categoria": "CO", "ico": "M", "codigo": "105078", "codigo_old": "000269", "estado": "DIFERIDO" }, "geometry": { "type": "Point", "coordinates": [ -72.8771, -5.1498 ] } },
{ "type": "Feature", "properties": { "nombre": "BORJA", "categoria": "PLU", "ico": "M", "codigo": "104061", "codigo_old": "000270", "estado": "DIFERIDO" }, "geometry": { "type": "Point", "coordinates": [ -77.5483, -4.4696 ] } },
{ "type": "Feature", "properties": { "nombre": "PUENTE INAMBARI", "categoria": "HLM", "ico": "H", "codigo": "113251", "codigo_old": "113251", "estado": "DIFERIDO" }, "geometry": { "type": "Point", "coordinates": [ -70.38401, -13.18638 ] } },
{ "type": "Feature", "properties": { "nombre": "EL ESTRECHO", "categoria": "HLM", "ico": "H", "codigo": "240402", "codigo_old": "240402", "estado": "DIFERIDO" }, "geometry": { "type": "Point", "coordinates": [ -72.6812, -2.453 ] } },
{ "type": "Feature", "properties": { "nombre": "EL ESTRECHO", "categoria": "CO", "ico": "M", "codigo": "102006", "codigo_old": "000110", "estado": "DIFERIDO" }, "geometry": { "type": "Point", "coordinates": [ -72.6643, -2.4467 ] } },
{ "type": "Feature", "properties": { "nombre": "SANTA CRUZ", "categoria": "PLU", "ico": "M", "codigo": "111081", "codigo_old": "155202", "estado": "DIFERIDO" }, "geometry": { "type": "Point", "coordinates": [ -76.63487, -11.19827 ] } },
{ "type": "Feature", "properties": { "nombre": "ANTIOQUIA", "categoria": "PE", "ico": "M", "codigo": "112124", "codigo_old": "156100", "estado": "DIFERIDO" }, "geometry": { "type": "Point", "coordinates": [ -76.51359, -12.07773 ] } },
{ "type": "Feature", "properties": { "nombre": "CARAMPOMA", "categoria": "PLU", "ico": "M", "codigo": "111091", "codigo_old": "155223", "estado": "DIFERIDO" }, "geometry": { "type": "Point", "coordinates": [ -76.51514, -11.65503 ] } },
{ "type": "Feature", "properties": { "nombre": "SHEQUE", "categoria": "PLU", "ico": "M", "codigo": "111062", "codigo_old": "151213", "estado": "DIFERIDO" }, "geometry": { "type": "Point", "coordinates": [ -76.5023, -11.66095 ] } },
{ "type": "Feature", "properties": { "nombre": "MILLOC", "categoria": "HLM", "ico": "H", "codigo": "202902", "codigo_old": "202902", "estado": "DIFERIDO" }, "geometry": { "type": "Point", "coordinates": [ -76.35017, -11.57046 ] } },
{ "type": "Feature", "properties": { "nombre": "MILLOC", "categoria": "PLU", "ico": "M", "codigo": "111144", "codigo_old": "155514", "estado": "DIFERIDO" }, "geometry": { "type": "Point", "coordinates": [ -76.34995, -11.57131 ] } },
{ "type": "Feature", "properties": { "nombre": "CASAPALCA", "categoria": "PLU", "ico": "M", "codigo": "111114", "codigo_old": "155446", "estado": "DIFERIDO" }, "geometry": { "type": "Point", "coordinates": [ -76.23332, -11.63804 ] } },
{ "type": "Feature", "properties": { "nombre": "RIO BLANCO", "categoria": "PLU", "ico": "M", "codigo": "111061", "codigo_old": "151210", "estado": "DIFERIDO" }, "geometry": { "type": "Point", "coordinates": [ -76.25967, -11.73447 ] } },
{ "type": "Feature", "properties": { "nombre": "LANGA", "categoria": "PLU", "ico": "M", "codigo": "112082", "codigo_old": "151214", "estado": "DIFERIDO" }, "geometry": { "type": "Point", "coordinates": [ -76.42108, -12.12645 ] } },
{ "type": "Feature", "properties": { "nombre": "AUTISHA", "categoria": "PLU", "ico": "M", "codigo": "111077", "codigo_old": "155122", "estado": "DIFERIDO" }, "geometry": { "type": "Point", "coordinates": [ -76.61103, -11.73815 ] } },
{ "type": "Feature", "properties": { "nombre": "AUTISHA", "categoria": "HLM", "ico": "H", "codigo": "202903", "codigo_old": "202903", "estado": "DIFERIDO" }, "geometry": { "type": "Point", "coordinates": [ -76.60659, -11.73523 ] } },
{ "type": "Feature", "properties": { "nombre": "SAN JOSE DE PARAC", "categoria": "PLU", "ico": "M", "codigo": "111093", "codigo_old": "155225", "estado": "DIFERIDO" }, "geometry": { "type": "Point", "coordinates": [ -76.25811, -11.80053 ] } },
{ "type": "Feature", "properties": { "nombre": "SAN MATEO DE OTAO", "categoria": "PLU", "ico": "M", "codigo": "111291", "codigo_old": "111291", "estado": "DIFERIDO" }, "geometry": { "type": "Point", "coordinates": [ -76.5636, -11.847 ] } },
{ "type": "Feature", "properties": { "nombre": "HUANCATA", "categoria": "PLU", "ico": "M", "codigo": "112080", "codigo_old": "151207", "estado": "DIFERIDO" }, "geometry": { "type": "Point", "coordinates": [ -76.24066, -12.18618 ] } },
{ "type": "Feature", "properties": { "nombre": "SANTIAGO DE TUNA", "categoria": "PLU", "ico": "M", "codigo": "111092", "codigo_old": "155224", "estado": "DIFERIDO" }, "geometry": { "type": "Point", "coordinates": [ -76.5242, -11.9832 ] } },
{ "type": "Feature", "properties": { "nombre": "AMBAR", "categoria": "PLU", "ico": "M", "codigo": "110042", "codigo_old": "151211", "estado": "DIFERIDO" }, "geometry": { "type": "Point", "coordinates": [ -77.2668, -10.75484 ] } },
{ "type": "Feature", "properties": { "nombre": "PAMPA LIBRE", "categoria": "CO", "ico": "M", "codigo": "110053", "codigo_old": "155107", "estado": "DIFERIDO" }, "geometry": { "type": "Point", "coordinates": [ -76.97, -10.86578 ] } },
{ "type": "Feature", "properties": { "nombre": "PACHAMACHAY", "categoria": "PLU", "ico": "M", "codigo": "111084", "codigo_old": "155207", "estado": "DIFERIDO" }, "geometry": { "type": "Point", "coordinates": [ -76.9141, -11.06525 ] } },
{ "type": "Feature", "properties": { "nombre": "PACCHO", "categoria": "PLU", "ico": "M", "codigo": "110056", "codigo_old": "155200", "estado": "DIFERIDO" }, "geometry": { "type": "Point", "coordinates": [ -76.93473, -10.95602 ] } },
{ "type": "Feature", "properties": { "nombre": "PARQUIN", "categoria": "PLU", "ico": "M", "codigo": "110063", "codigo_old": "155212", "estado": "DIFERIDO" }, "geometry": { "type": "Point", "coordinates": [ -76.71983, -10.96665 ] } },
{ "type": "Feature", "properties": { "nombre": "LAGUNA SURASACA", "categoria": "HLG", "ico": "H", "codigo": "202601", "codigo_old": "202601", "estado": "DIFERIDO" }, "geometry": { "type": "Point", "coordinates": [ -76.7885, -10.5213 ] } },
{ "type": "Feature", "properties": { "nombre": "LAGUNA SURASACA", "categoria": "PLU", "ico": "M", "codigo": "110059", "codigo_old": "155206", "estado": "DIFERIDO" }, "geometry": { "type": "Point", "coordinates": [ -76.7867, -10.5238 ] } },
{ "type": "Feature", "properties": { "nombre": "LAGUNA COCHAQUILLO", "categoria": "PLU", "ico": "M", "codigo": "110092", "codigo_old": "155291", "estado": "DIFERIDO" }, "geometry": { "type": "Point", "coordinates": [ -76.65537, -10.80394 ] } },
{ "type": "Feature", "properties": { "nombre": "OYON", "categoria": "CO", "ico": "M", "codigo": "110020", "codigo_old": "000541", "estado": "DIFERIDO" }, "geometry": { "type": "Point", "coordinates": [ -76.7687, -10.66769 ] } },
{ "type": "Feature", "properties": { "nombre": "ANDAJES", "categoria": "PLU", "ico": "M", "codigo": "110057", "codigo_old": "155201", "estado": "DIFERIDO" }, "geometry": { "type": "Point", "coordinates": [ -76.9, -10.78333 ] } },
{ "type": "Feature", "properties": { "nombre": "YAURICOCHA", "categoria": "PLU", "ico": "M", "codigo": "112096", "codigo_old": "155450", "estado": "DIFERIDO" }, "geometry": { "type": "Point", "coordinates": [ -75.71209, -12.31478 ] } },
{ "type": "Feature", "properties": { "nombre": "AYAVIRI", "categoria": "PLU", "ico": "M", "codigo": "112128", "codigo_old": "156104", "estado": "DIFERIDO" }, "geometry": { "type": "Point", "coordinates": [ -76.13672, -12.38208 ] } },
{ "type": "Feature", "properties": { "nombre": "CARANIA", "categoria": "PE", "ico": "M", "codigo": "112133", "codigo_old": "156109", "estado": "DIFERIDO" }, "geometry": { "type": "Point", "coordinates": [ -75.87215, -12.3444 ] } },
{ "type": "Feature", "properties": { "nombre": "VILCA", "categoria": "PE", "ico": "M", "codigo": "112135", "codigo_old": "156111", "estado": "DIFERIDO" }, "geometry": { "type": "Point", "coordinates": [ -75.82617, -12.11457 ] } },
{ "type": "Feature", "properties": { "nombre": "HUAÑEC", "categoria": "PLU", "ico": "M", "codigo": "112127", "codigo_old": "156103", "estado": "DIFERIDO" }, "geometry": { "type": "Point", "coordinates": [ -76.13902, -12.29359 ] } },
{ "type": "Feature", "properties": { "nombre": "SAN PEDRO DE PILAS", "categoria": "PLU", "ico": "M", "codigo": "112081", "codigo_old": "151212", "estado": "DIFERIDO" }, "geometry": { "type": "Point", "coordinates": [ -76.22559, -12.4548 ] } },
{ "type": "Feature", "properties": { "nombre": "TANTA", "categoria": "PE", "ico": "M", "codigo": "112130", "codigo_old": "156106", "estado": "DIFERIDO" }, "geometry": { "type": "Point", "coordinates": [ -76.01667, -12.11667 ] } },
{ "type": "Feature", "properties": { "nombre": "AMAZONAS", "categoria": "CO", "ico": "M", "codigo": "103057", "codigo_old": "000154", "estado": "DIFERIDO" }, "geometry": { "type": "Point", "coordinates": [ -73.25492, -3.76397 ] } },
{ "type": "Feature", "properties": { "nombre": "SANTA MARIA DE NANAY", "categoria": "HLM", "ico": "H", "codigo": "240001", "codigo_old": "240110", "estado": "DIFERIDO" }, "geometry": { "type": "Point", "coordinates": [ -73.6961, -3.8891 ] } },
{ "type": "Feature", "properties": { "nombre": "MANITI", "categoria": "PE", "ico": "M", "codigo": "103009", "codigo_old": "150201", "estado": "DIFERIDO" }, "geometry": { "type": "Point", "coordinates": [ -72.8409, -3.5203 ] } },
{ "type": "Feature", "properties": { "nombre": "TIMICURILLO", "categoria": "HLM", "ico": "H", "codigo": "240202", "codigo_old": "240202", "estado": "DIFERIDO" }, "geometry": { "type": "Point", "coordinates": [ -73.0834, -3.5237 ] } },
{ "type": "Feature", "properties": { "nombre": "BELLAVISTA", "categoria": "HLM", "ico": "H", "codigo": "240111", "codigo_old": "260102", "estado": "DIFERIDO" }, "geometry": { "type": "Point", "coordinates": [ -73.068, -3.4786 ] } },
{ "type": "Feature", "properties": { "nombre": "BELLAVISTA", "categoria": "PLU", "ico": "M", "codigo": "103012", "codigo_old": "150205", "estado": "DIFERIDO" }, "geometry": { "type": "Point", "coordinates": [ -73.068, -3.4788 ] } },
{ "type": "Feature", "properties": { "nombre": "LA LIBERTAD", "categoria": "PLU", "ico": "M", "codigo": "103014", "codigo_old": "150207", "estado": "DIFERIDO" }, "geometry": { "type": "Point", "coordinates": [ -73.2337, -3.4863 ] } },
{ "type": "Feature", "properties": { "nombre": "LA LIBERTAD", "categoria": "HLM", "ico": "H", "codigo": "240112", "codigo_old": "260201", "estado": "DIFERIDO" }, "geometry": { "type": "Point", "coordinates": [ -73.2339, -3.4863 ] } },
{ "type": "Feature", "properties": { "nombre": "SANTA CRUZ", "categoria": "PLU", "ico": "M", "codigo": "103013", "codigo_old": "150206", "estado": "DIFERIDO" }, "geometry": { "type": "Point", "coordinates": [ -73.1526, -3.5169 ] } },
{ "type": "Feature", "properties": { "nombre": "SANTA CRUZ", "categoria": "HLM", "ico": "H", "codigo": "240109", "codigo_old": "240109", "estado": "DIFERIDO" }, "geometry": { "type": "Point", "coordinates": [ -73.15411, -3.51725 ] } },
{ "type": "Feature", "properties": { "nombre": "SANTA CLOTILDE", "categoria": "CO", "ico": "M", "codigo": "102009", "codigo_old": "000177", "estado": "DIFERIDO" }, "geometry": { "type": "Point", "coordinates": [ -73.67919, -2.48757 ] } },
{ "type": "Feature", "properties": { "nombre": "SANTA CLOTILDE", "categoria": "HLM", "ico": "H", "codigo": "240110", "codigo_old": "260101", "estado": "DIFERIDO" }, "geometry": { "type": "Point", "coordinates": [ -73.679, -2.487 ] } },
{ "type": "Feature", "properties": { "nombre": "SANTO TOMAS PUNCHANA", "categoria": "HLM", "ico": "H", "codigo": "240304", "codigo_old": "240304", "estado": "DIFERIDO" }, "geometry": { "type": "Point", "coordinates": [ -73.25625, -3.69279 ] } },
{ "type": "Feature", "properties": { "nombre": "ENAPU PERU", "categoria": "HLM", "ico": "H", "codigo": "240102", "codigo_old": "240101", "estado": "DIFERIDO" }, "geometry": { "type": "Point", "coordinates": [ -73.23694, -3.72722 ] } },
{ "type": "Feature", "properties": { "nombre": "SHANUSI", "categoria": "CO", "ico": "M", "codigo": "100132", "codigo_old": "153315", "estado": "DIFERIDO" }, "geometry": { "type": "Point", "coordinates": [ -76.2505, -6.06703 ] } },
{ "type": "Feature", "properties": { "nombre": "LAGUNAS", "categoria": "PLU", "ico": "M", "codigo": "100080", "codigo_old": "152304", "estado": "DIFERIDO" }, "geometry": { "type": "Point", "coordinates": [ -75.6661, -5.2194 ] } },
{ "type": "Feature", "properties": { "nombre": "BORJA", "categoria": "HLM", "ico": "H", "codigo": "220107", "codigo_old": "220107", "estado": "DIFERIDO" }, "geometry": { "type": "Point", "coordinates": [ -77.548, -4.47 ] } },
{ "type": "Feature", "properties": { "nombre": "NAUTA", "categoria": "HLM", "ico": "H", "codigo": "221402", "codigo_old": "221401", "estado": "DIFERIDO" }, "geometry": { "type": "Point", "coordinates": [ -73.5831, -4.5146 ] } },
{ "type": "Feature", "properties": { "nombre": "SAN REGIS", "categoria": "PE", "ico": "M", "codigo": "104098", "codigo_old": "150212", "estado": "DIFERIDO" }, "geometry": { "type": "Point", "coordinates": [ -73.90751, -4.51301 ] } },
{ "type": "Feature", "properties": { "nombre": "SAN REGIS", "categoria": "HLM", "ico": "H", "codigo": "220105", "codigo_old": "220105", "estado": "DIFERIDO" }, "geometry": { "type": "Point", "coordinates": [ -73.9076, -4.5132 ] } },
{ "type": "Feature", "properties": { "nombre": "SANTA RITA DE CASTILLA", "categoria": "PE", "ico": "M", "codigo": "104065", "codigo_old": "152401", "estado": "DIFERIDO" }, "geometry": { "type": "Point", "coordinates": [ -74.3806, -4.5922 ] } },
{ "type": "Feature", "properties": { "nombre": " PUERTO ALEGRIA", "categoria": "HLM", "ico": "H", "codigo": "240005", "codigo_old": "240005", "estado": "DIFERIDO" }, "geometry": { "type": "Point", "coordinates": [ -70.05391, -4.11491 ] } },
{ "type": "Feature", "properties": { "nombre": "SANTA ROSA", "categoria": "PLU", "ico": "M", "codigo": "104010", "codigo_old": "150209", "estado": "DIFERIDO" }, "geometry": { "type": "Point", "coordinates": [ -69.95629, -4.22636 ] } },
{ "type": "Feature", "properties": { "nombre": "SANTA ROSA", "categoria": "HLM", "ico": "H", "codigo": "240108", "codigo_old": "240108", "estado": "DIFERIDO" }, "geometry": { "type": "Point", "coordinates": [ -69.9535, -4.2242 ] } },
{ "type": "Feature", "properties": { "nombre": "REQUENA", "categoria": "CO", "ico": "M", "codigo": "105095", "codigo_old": "000280", "estado": "DIFERIDO" }, "geometry": { "type": "Point", "coordinates": [ -73.83612, -5.04308 ] } },
{ "type": "Feature", "properties": { "nombre": "REQUENA", "categoria": "HLM", "ico": "H", "codigo": "250101", "codigo_old": "250101", "estado": "DIFERIDO" }, "geometry": { "type": "Point", "coordinates": [ -73.84, -5.0411 ] } },
{ "type": "Feature", "properties": { "nombre": "FLOR DE PUNGA", "categoria": "HLM", "ico": "H", "codigo": "251100", "codigo_old": "231302", "estado": "DIFERIDO" }, "geometry": { "type": "Point", "coordinates": [ -74.1569, -5.4077 ] } },
{ "type": "Feature", "properties": { "nombre": "FLOR DE PUNGA", "categoria": "PE", "ico": "M", "codigo": "105092", "codigo_old": "152405", "estado": "DIFERIDO" }, "geometry": { "type": "Point", "coordinates": [ -74.1591, -5.4055 ] } },
{ "type": "Feature", "properties": { "nombre": "TAMANCO", "categoria": "PLU", "ico": "M", "codigo": "105091", "codigo_old": "152403", "estado": "DIFERIDO" }, "geometry": { "type": "Point", "coordinates": [ -74.289, -5.7921 ] } },
{ "type": "Feature", "properties": { "nombre": "BRETAÑA", "categoria": "PE", "ico": "M", "codigo": "105090", "codigo_old": "152402", "estado": "DIFERIDO" }, "geometry": { "type": "Point", "coordinates": [ -74.3444, -5.2539 ] } },
{ "type": "Feature", "properties": { "nombre": "BAGAZAN", "categoria": "PE", "ico": "M", "codigo": "104067", "codigo_old": "152406", "estado": "DIFERIDO" }, "geometry": { "type": "Point", "coordinates": [ -73.5321, -4.724 ] } },
{ "type": "Feature", "properties": { "nombre": "GENARO HERRERA", "categoria": "HLM", "ico": "H", "codigo": "251104", "codigo_old": "231303", "estado": "DIFERIDO" }, "geometry": { "type": "Point", "coordinates": [ -73.6715, -4.902 ] } },
{ "type": "Feature", "properties": { "nombre": "CONTAMANA", "categoria": "HLM", "ico": "H", "codigo": "251102", "codigo_old": "231301", "estado": "DIFERIDO" }, "geometry": { "type": "Point", "coordinates": [ -75.0109, -7.3518 ] } },
{ "type": "Feature", "properties": { "nombre": "CONTAMANA", "categoria": "CO", "ico": "M", "codigo": "100034", "codigo_old": "000387", "estado": "DIFERIDO" }, "geometry": { "type": "Point", "coordinates": [ -75.0064, -7.3526 ] } },
{ "type": "Feature", "properties": { "nombre": "PAMPA UMALZO (TITIJONES)", "categoria": "CO", "ico": "M", "codigo": "116052", "codigo_old": "158309", "estado": "DIFERIDO" }, "geometry": { "type": "Point", "coordinates": [ -70.5494, -16.8439 ] } },
{ "type": "Feature", "properties": { "nombre": "TUMILACA", "categoria": "PLU", "ico": "M", "codigo": "117031", "codigo_old": "158314", "estado": "DIFERIDO" }, "geometry": { "type": "Point", "coordinates": [ -70.8369, -17.1277 ] } },
{ "type": "Feature", "properties": { "nombre": "OTORA", "categoria": "HLG", "ico": "H", "codigo": "214700", "codigo_old": "204812", "estado": "DIFERIDO" }, "geometry": { "type": "Point", "coordinates": [ -70.8536, -17.0073 ] } },
{ "type": "Feature", "properties": { "nombre": "OTORA", "categoria": "PLU", "ico": "M", "codigo": "117024", "codigo_old": "158302", "estado": "DIFERIDO" }, "geometry": { "type": "Point", "coordinates": [ -70.8504, -17.0041 ] } },
{ "type": "Feature", "properties": { "nombre": "ICHUÑA", "categoria": "CO", "ico": "M", "codigo": "100059", "codigo_old": "158310", "estado": "DIFERIDO" }, "geometry": { "type": "Point", "coordinates": [ -70.5427, -16.14109 ] } },
{ "type": "Feature", "properties": { "nombre": "ENTAZ", "categoria": "HLM", "ico": "H", "codigo": "250503", "codigo_old": "250503", "estado": "DIFERIDO" }, "geometry": { "type": "Point", "coordinates": [ -75.26238, -10.72244 ] } },
{ "type": "Feature", "properties": { "nombre": "MIRAFLORES", "categoria": "MAP", "ico": "M", "codigo": "105100", "codigo_old": "000207", "estado": "DIFERIDO" }, "geometry": { "type": "Point", "coordinates": [ -80.61654, -5.17528 ] } },
{ "type": "Feature", "properties": { "nombre": "PORCULLA", "categoria": "PLU", "ico": "M", "codigo": "100105", "codigo_old": "152132", "estado": "DIFERIDO" }, "geometry": { "type": "Point", "coordinates": [ -79.50572, -5.83964 ] } },
{ "type": "Feature", "properties": { "nombre": "HACIENDA SHUMAYA", "categoria": "PLU", "ico": "M", "codigo": "105024", "codigo_old": "152128", "estado": "DIFERIDO" }, "geometry": { "type": "Point", "coordinates": [ -79.36056, -5.36492 ] } },
{ "type": "Feature", "properties": { "nombre": "TULUCE", "categoria": "PLU", "ico": "M", "codigo": "105023", "codigo_old": "152127", "estado": "DIFERIDO" }, "geometry": { "type": "Point", "coordinates": [ -79.34742, -5.47718 ] } },
{ "type": "Feature", "properties": { "nombre": "SONDORILLO", "categoria": "HLM", "ico": "H", "codigo": "220509", "codigo_old": "220510", "estado": "DIFERIDO" }, "geometry": { "type": "Point", "coordinates": [ -79.41575, -5.33922 ] } },
{ "type": "Feature", "properties": { "nombre": "HACIENDA BIGOTE", "categoria": "PLU", "ico": "M", "codigo": "105015", "codigo_old": "152111", "estado": "DIFERIDO" }, "geometry": { "type": "Point", "coordinates": [ -79.7857, -5.3209 ] } },
{ "type": "Feature", "properties": { "nombre": "ALAMOR", "categoria": "PLU", "ico": "M", "codigo": "104044", "codigo_old": "152153", "estado": "DIFERIDO" }, "geometry": { "type": "Point", "coordinates": [ -80.3979, -4.47749 ] } },
{ "type": "Feature", "properties": { "nombre": "ALAMOR", "categoria": "HLM", "ico": "H", "codigo": "200322", "codigo_old": "200324", "estado": "DIFERIDO" }, "geometry": { "type": "Point", "coordinates": [ -80.39915, -4.47401 ] } },
{ "type": "Feature", "properties": { "nombre": "PANANGA", "categoria": "PLU", "ico": "M", "codigo": "104014", "codigo_old": "152101", "estado": "DIFERIDO" }, "geometry": { "type": "Point", "coordinates": [ -80.73945, -4.51556 ] } },
{ "type": "Feature", "properties": { "nombre": "MUELLE LAGO", "categoria": "HLM", "ico": "H", "codigo": "270500", "codigo_old": "210902", "estado": "DIFERIDO" }, "geometry": { "type": "Point", "coordinates": [ -70.01694, -15.83361 ] } },
{ "type": "Feature", "properties": { "nombre": "PROGRESO", "categoria": "CO", "ico": "M", "codigo": "114040", "codigo_old": "000778", "estado": "DIFERIDO" }, "geometry": { "type": "Point", "coordinates": [ -70.3678, -14.6717 ] } },
{ "type": "Feature", "properties": { "nombre": "DESAGUADERO", "categoria": "CO", "ico": "M", "codigo": "116060", "codigo_old": "000883", "estado": "DIFERIDO" }, "geometry": { "type": "Point", "coordinates": [ -69.03682, -16.56327 ] } },
{ "type": "Feature", "properties": { "nombre": "CALLACAME", "categoria": "PLU", "ico": "M", "codigo": "116075", "codigo_old": "116075", "estado": "DIFERIDO" }, "geometry": { "type": "Point", "coordinates": [ -69.31697, -16.57225 ] } },
{ "type": "Feature", "properties": { "nombre": "CAPAZO", "categoria": "CO", "ico": "M", "codigo": "117041", "codigo_old": "158326", "estado": "DIFERIDO" }, "geometry": { "type": "Point", "coordinates": [ -69.7391, -17.1827 ] } },
{ "type": "Feature", "properties": { "nombre": "COJATA", "categoria": "CO", "ico": "M", "codigo": "115053", "codigo_old": "000827", "estado": "DIFERIDO" }, "geometry": { "type": "Point", "coordinates": [ -69.3612, -15.0118 ] } },
{ "type": "Feature", "properties": { "nombre": "RAMIS", "categoria": "PLU", "ico": "M", "codigo": "270200", "codigo_old": "157733", "estado": "DIFERIDO" }, "geometry": { "type": "Point", "coordinates": [ -69.8739, -15.2558 ] } },
{ "type": "Feature", "properties": { "nombre": "TARACO", "categoria": "CO", "ico": "M", "codigo": "115047", "codigo_old": "000816", "estado": "DIFERIDO" }, "geometry": { "type": "Point", "coordinates": [ -69.97247, -15.31167 ] } },
{ "type": "Feature", "properties": { "nombre": "SANTA LUCIA", "categoria": "CO", "ico": "M", "codigo": "115140", "codigo_old": "000865", "estado": "DIFERIDO" }, "geometry": { "type": "Point", "coordinates": [ -70.5993, -15.6941 ] } },
{ "type": "Feature", "properties": { "nombre": "PUENTE AYAVIRI", "categoria": "HLM", "ico": "H", "codigo": "210103", "codigo_old": "210103", "estado": "DIFERIDO" }, "geometry": { "type": "Point", "coordinates": [ -70.58544, -14.89249 ] } },
{ "type": "Feature", "properties": { "nombre": "SANTA ROSA", "categoria": "CO", "ico": "M", "codigo": "114047", "codigo_old": "000823", "estado": "DIFERIDO" }, "geometry": { "type": "Point", "coordinates": [ -70.79278, -14.6178 ] } },
{ "type": "Feature", "properties": { "nombre": "CHUQUIBAMBILLA", "categoria": "CP", "ico": "M", "codigo": "114035", "codigo_old": "000764", "estado": "DIFERIDO" }, "geometry": { "type": "Point", "coordinates": [ -70.7285, -14.7879 ] } },
{ "type": "Feature", "properties": { "nombre": "ISLA SOTO", "categoria": "CO", "ico": "M", "codigo": "100065", "codigo_old": "000817", "estado": "DIFERIDO" }, "geometry": { "type": "Point", "coordinates": [ -69.48898, -15.56221 ] } },
{ "type": "Feature", "properties": { "nombre": "JULIACA", "categoria": "CO", "ico": "M", "codigo": "115138", "codigo_old": "007454", "estado": "DIFERIDO" }, "geometry": { "type": "Point", "coordinates": [ -70.2078, -15.4441 ] } },
{ "type": "Feature", "properties": { "nombre": "PUENTE ISLA CABANILLAS", "categoria": "HLM", "ico": "H", "codigo": "210406", "codigo_old": "210406", "estado": "DIFERIDO" }, "geometry": { "type": "Point", "coordinates": [ -70.224, -15.4718 ] } },
{ "type": "Feature", "properties": { "nombre": "LAMPA", "categoria": "HLM", "ico": "H", "codigo": "210405", "codigo_old": "210405", "estado": "DIFERIDO" }, "geometry": { "type": "Point", "coordinates": [ -70.2092, -15.4437 ] } },
{ "type": "Feature", "properties": { "nombre": "CUYO CUYO", "categoria": "CO", "ico": "M", "codigo": "114096", "codigo_old": "157418", "estado": "DIFERIDO" }, "geometry": { "type": "Point", "coordinates": [ -69.55, -14.4888 ] } },
{ "type": "Feature", "properties": { "nombre": "LIMBANI", "categoria": "CO", "ico": "M", "codigo": "114049", "codigo_old": "000825", "estado": "DIFERIDO" }, "geometry": { "type": "Point", "coordinates": [ -69.687, -14.1397 ] } },
{ "type": "Feature", "properties": { "nombre": "LIMBANI", "categoria": "HLG", "ico": "H", "codigo": "260501", "codigo_old": "260501", "estado": "DIFERIDO" }, "geometry": { "type": "Point", "coordinates": [ -69.6902, -14.1481 ] } },
{ "type": "Feature", "properties": { "nombre": "TAMBOPATA", "categoria": "CO", "ico": "M", "codigo": "114043", "codigo_old": "000790", "estado": "DIFERIDO" }, "geometry": { "type": "Point", "coordinates": [ -69.16178, -14.22529 ] } },
{ "type": "Feature", "properties": { "nombre": "ISLA SUANA", "categoria": "CO", "ico": "M", "codigo": "116009", "codigo_old": "000822", "estado": "DIFERIDO" }, "geometry": { "type": "Point", "coordinates": [ -68.85034, -16.3299 ] } },
{ "type": "Feature", "properties": { "nombre": "JOSE OLAYA", "categoria": "CO", "ico": "M", "codigo": "107069", "codigo_old": "153225", "estado": "DIFERIDO" }, "geometry": { "type": "Point", "coordinates": [ -76.41389, -7.40711 ] } },
{ "type": "Feature", "properties": { "nombre": "CUZCO-BIAVO", "categoria": "PLU", "ico": "M", "codigo": "107095", "codigo_old": "153345", "estado": "DIFERIDO" }, "geometry": { "type": "Point", "coordinates": [ -76.4771, -7.25442 ] } },
{ "type": "Feature", "properties": { "nombre": "BIAVO", "categoria": "HLG", "ico": "H", "codigo": "221804", "codigo_old": "221804", "estado": "DIFERIDO" }, "geometry": { "type": "Point", "coordinates": [ -76.47778, -7.25497 ] } },
{ "type": "Feature", "properties": { "nombre": "LA UNION", "categoria": "CO", "ico": "M", "codigo": "107013", "codigo_old": "000384", "estado": "DIFERIDO" }, "geometry": { "type": "Point", "coordinates": [ -76.49275, -7.16319 ] } },
{ "type": "Feature", "properties": { "nombre": "NUEVO LIMA", "categoria": "CO", "ico": "M", "codigo": "107089", "codigo_old": "153312", "estado": "DIFERIDO" }, "geometry": { "type": "Point", "coordinates": [ -76.47233, -7.09628 ] } },
{ "type": "Feature", "properties": { "nombre": "CUÑUMBUQUE", "categoria": "PLU", "ico": "M", "codigo": "106094", "codigo_old": "153311", "estado": "DIFERIDO" }, "geometry": { "type": "Point", "coordinates": [ -76.48075, -6.50825 ] } },
{ "type": "Feature", "properties": { "nombre": "SHANAO", "categoria": "PLU", "ico": "M", "codigo": "106115", "codigo_old": "153328", "estado": "DIFERIDO" }, "geometry": { "type": "Point", "coordinates": [ -76.60028, -6.41312 ] } },
{ "type": "Feature", "properties": { "nombre": "SHANAO", "categoria": "HLG", "ico": "H", "codigo": "221802", "codigo_old": "221802", "estado": "DIFERIDO" }, "geometry": { "type": "Point", "coordinates": [ -76.60001, -6.41291 ] } },
{ "type": "Feature", "properties": { "nombre": "PACAYZAPA", "categoria": "CO", "ico": "M", "codigo": "110127", "codigo_old": "110127", "estado": "DIFERIDO" }, "geometry": { "type": "Point", "coordinates": [ -76.76171, -6.2818 ] } },
{ "type": "Feature", "properties": { "nombre": "HUAYABAMBA", "categoria": "PLU", "ico": "M", "codigo": "107101", "codigo_old": "153350", "estado": "DIFERIDO" }, "geometry": { "type": "Point", "coordinates": [ -76.73494, -7.26356 ] } },
{ "type": "Feature", "properties": { "nombre": "CAMPANILLA", "categoria": "CO", "ico": "M", "codigo": "100019", "codigo_old": "003304", "estado": "DIFERIDO" }, "geometry": { "type": "Point", "coordinates": [ -76.65311, -7.48434 ] } },
{ "type": "Feature", "properties": { "nombre": "PICOTA", "categoria": "PLU", "ico": "M", "codigo": "106095", "codigo_old": "153313", "estado": "DIFERIDO" }, "geometry": { "type": "Point", "coordinates": [ -76.33022, -6.91989 ] } },
{ "type": "Feature", "properties": { "nombre": "NARANJILLO", "categoria": "CO", "ico": "M", "codigo": "105103", "codigo_old": "000219", "estado": "DIFERIDO" }, "geometry": { "type": "Point", "coordinates": [ -77.39264, -5.80964 ] } },
{ "type": "Feature", "properties": { "nombre": "PELEJO", "categoria": "CO", "ico": "M", "codigo": "106112", "codigo_old": "153322", "estado": "DIFERIDO" }, "geometry": { "type": "Point", "coordinates": [ -75.8025, -6.21531 ] } },
{ "type": "Feature", "properties": { "nombre": "PUCALLPA - HUIMBAYOC", "categoria": "PLU", "ico": "M", "codigo": "106110", "codigo_old": "153320", "estado": "DIFERIDO" }, "geometry": { "type": "Point", "coordinates": [ -75.84556, -6.45278 ] } },
{ "type": "Feature", "properties": { "nombre": "CUMBAZA", "categoria": "HLG", "ico": "H", "codigo": "221801", "codigo_old": "221801", "estado": "DIFERIDO" }, "geometry": { "type": "Point", "coordinates": [ -76.38199, -6.47251 ] } },
{ "type": "Feature", "properties": { "nombre": "SAN ANTONIO", "categoria": "CO", "ico": "M", "codigo": "106096", "codigo_old": "153314", "estado": "DIFERIDO" }, "geometry": { "type": "Point", "coordinates": [ -76.4072, -6.41274 ] } },
{ "type": "Feature", "properties": { "nombre": "CANAL UCHUSUMA", "categoria": "HLG", "ico": "H", "codigo": "215000", "codigo_old": "205206", "estado": "DIFERIDO" }, "geometry": { "type": "Point", "coordinates": [ -69.6264, -17.5807 ] } },
{ "type": "Feature", "properties": { "nombre": "BOCATOMA", "categoria": "CO", "ico": "M", "codigo": "100016", "codigo_old": "008331", "estado": "DIFERIDO" }, "geometry": { "type": "Point", "coordinates": [ -69.62672, -17.5802 ] } },
{ "type": "Feature", "properties": { "nombre": "PAUCARANI", "categoria": "CO", "ico": "M", "codigo": "117043", "codigo_old": "158328", "estado": "DIFERIDO" }, "geometry": { "type": "Point", "coordinates": [ -69.78039, -17.53291 ] } },
{ "type": "Feature", "properties": { "nombre": "CAIRANI", "categoria": "CO", "ico": "M", "codigo": "117030", "codigo_old": "158313", "estado": "DIFERIDO" }, "geometry": { "type": "Point", "coordinates": [ -70.36269, -17.28121 ] } },
{ "type": "Feature", "properties": { "nombre": "ARICOTA", "categoria": "CO", "ico": "M", "codigo": "117054", "codigo_old": "117054", "estado": "DIFERIDO" }, "geometry": { "type": "Point", "coordinates": [ -70.23731, -17.32913 ] } },
{ "type": "Feature", "properties": { "nombre": "CHUAPALCA ALTERNATIVA ALTA", "categoria": "HLM", "ico": "H", "codigo": "117060", "codigo_old": "117060", "estado": "DIFERIDO" }, "geometry": { "type": "Point", "coordinates": [ -69.6435, -17.28727 ] } },
{ "type": "Feature", "properties": { "nombre": "CHUAPALCA", "categoria": "HLM", "ico": "H", "codigo": "270900", "codigo_old": "211706", "estado": "DIFERIDO" }, "geometry": { "type": "Point", "coordinates": [ -69.6468, -17.2981 ] } },
{ "type": "Feature", "properties": { "nombre": "LA FRONTERA", "categoria": "CO", "ico": "M", "codigo": "117049", "codigo_old": "158332", "estado": "DIFERIDO" }, "geometry": { "type": "Point", "coordinates": [ -69.4864, -17.3824 ] } },
{ "type": "Feature", "properties": { "nombre": "CHUAPALCA", "categoria": "CO", "ico": "M", "codigo": "117013", "codigo_old": "000860", "estado": "DIFERIDO" }, "geometry": { "type": "Point", "coordinates": [ -69.6618, -17.3088 ] } },
{ "type": "Feature", "properties": { "nombre": "TALABAYA", "categoria": "CO", "ico": "M", "codigo": "117039", "codigo_old": "158323", "estado": "DIFERIDO" }, "geometry": { "type": "Point", "coordinates": [ -69.9868, -17.5526 ] } },
{ "type": "Feature", "properties": { "nombre": "VILACOTA", "categoria": "CO", "ico": "M", "codigo": "117014", "codigo_old": "000861", "estado": "DIFERIDO" }, "geometry": { "type": "Point", "coordinates": [ -70.04302, -17.07906 ] } },
{ "type": "Feature", "properties": { "nombre": "VILACOTA", "categoria": "HLM", "ico": "H", "codigo": "211705", "codigo_old": "211707", "estado": "DIFERIDO" }, "geometry": { "type": "Point", "coordinates": [ -70.0424, -17.0786 ] } },
{ "type": "Feature", "properties": { "nombre": "CABO INGA", "categoria": "CO", "ico": "M", "codigo": "103043", "codigo_old": "000139", "estado": "DIFERIDO" }, "geometry": { "type": "Point", "coordinates": [ -80.40182, -3.97594 ] } },
{ "type": "Feature", "properties": { "nombre": "EL SALTO", "categoria": "CO", "ico": "M", "codigo": "103041", "codigo_old": "000135", "estado": "DIFERIDO" }, "geometry": { "type": "Point", "coordinates": [ -80.2802, -3.45171 ] } },
{ "type": "Feature", "properties": { "nombre": "MATAPALO", "categoria": "PLU", "ico": "M", "codigo": "103008", "codigo_old": "150112", "estado": "DIFERIDO" }, "geometry": { "type": "Point", "coordinates": [ -80.19857, -3.68277 ] } },
{ "type": "Feature", "properties": { "nombre": "PUCALLPA", "categoria": "CP", "ico": "M", "codigo": "108021", "codigo_old": "000449", "estado": "DIFERIDO" }, "geometry": { "type": "Point", "coordinates": [ -74.57185, -8.41323 ] } },
{ "type": "Feature", "properties": { "nombre": "EL MARONAL", "categoria": "CP", "ico": "M", "codigo": "108027", "codigo_old": "000459", "estado": "DIFERIDO" }, "geometry": { "type": "Point", "coordinates": [ -75.09681, -8.44999 ] } },
{ "type": "Feature", "properties": { "nombre": "LETRAYOC", "categoria": "PLU", "ico": "M", "codigo": "113153", "codigo_old": "156132", "estado": "DIFERIDO" }, "geometry": { "type": "Point", "coordinates": [ -75.74496, -13.65773 ] } },
{ "type": "Feature", "properties": { "nombre": "HUANCANO", "categoria": "CO", "ico": "M", "codigo": "113009", "codigo_old": "000639", "estado": "DIFERIDO" }, "geometry": { "type": "Point", "coordinates": [ -75.62102, -13.60118 ] } },
{ "type": "Feature", "properties": { "nombre": "ACOPALCA", "categoria": "CO", "ico": "M", "codigo": "111174", "codigo_old": "111174", "estado": "DIFERIDO" }, "geometry": { "type": "Point", "coordinates": [ -75.1035, -11.9873 ] } },
{ "type": "Feature", "properties": { "nombre": "CHIRANI", "categoria": "HLM", "ico": "H", "codigo": "250502", "codigo_old": "250502", "estado": "DIFERIDO" }, "geometry": { "type": "Point", "coordinates": [ -75.00632, -10.86167 ] } },
{ "type": "Feature", "properties": { "nombre": "CHIRANI", "categoria": "PLU", "ico": "M", "codigo": "110143", "codigo_old": "110143", "estado": "DIFERIDO" }, "geometry": { "type": "Point", "coordinates": [ -75.00632, -10.86167 ] } },
{ "type": "Feature", "properties": { "nombre": "PUERTO OCOPA", "categoria": "CO", "ico": "M", "codigo": "111039", "codigo_old": "000572", "estado": "DIFERIDO" }, "geometry": { "type": "Point", "coordinates": [ -74.3051, -11.1467 ] } },
{ "type": "Feature", "properties": { "nombre": "CARHUACAYAN", "categoria": "PLU", "ico": "M", "codigo": "111070", "codigo_old": "155115", "estado": "DIFERIDO" }, "geometry": { "type": "Point", "coordinates": [ -76.28505, -11.20267 ] } },
{ "type": "Feature", "properties": { "nombre": "RIO PALLANGA", "categoria": "HLM", "ico": "H", "codigo": "230801", "codigo_old": "230902", "estado": "DIFERIDO" }, "geometry": { "type": "Point", "coordinates": [ -76.32569, -11.1865 ] } },
{ "type": "Feature", "properties": { "nombre": "RUMICHACA", "categoria": "HLM", "ico": "H", "codigo": "230803", "codigo_old": "230908", "estado": "DIFERIDO" }, "geometry": { "type": "Point", "coordinates": [ -76.10639, -11.69886 ] } },
{ "type": "Feature", "properties": { "nombre": "YAULI", "categoria": "PLU", "ico": "M", "codigo": "111099", "codigo_old": "155235", "estado": "DIFERIDO" }, "geometry": { "type": "Point", "coordinates": [ -76.08333, -11.66667 ] } },
{ "type": "Feature", "properties": { "nombre": "JULCAN", "categoria": "PLU", "ico": "M", "codigo": "108043", "codigo_old": "154101", "estado": "DIFERIDO" }, "geometry": { "type": "Point", "coordinates": [ -78.48607, -8.04229 ] } },
{ "type": "Feature", "properties": { "nombre": "SINSICAP", "categoria": "PLU", "ico": "M", "codigo": "107059", "codigo_old": "153206", "estado": "DIFERIDO" }, "geometry": { "type": "Point", "coordinates": [ -78.75503, -7.85021 ] } },
{ "type": "Feature", "properties": { "nombre": "PUENTE COINA", "categoria": "HLM", "ico": "H", "codigo": "211004", "codigo_old": "211004", "estado": "DIFERIDO" }, "geometry": { "type": "Point", "coordinates": [ -78.38012, -7.79636 ] } },
{ "type": "Feature", "properties": { "nombre": "TALLA (GUADALUPE)", "categoria": "CP", "ico": "M", "codigo": "100136", "codigo_old": "000325", "estado": "DIFERIDO" }, "geometry": { "type": "Point", "coordinates": [ -79.4191, -7.28005 ] } },
{ "type": "Feature", "properties": { "nombre": "HUANGACOCHA", "categoria": "PLU", "ico": "M", "codigo": "107092", "codigo_old": "153327", "estado": "DIFERIDO" }, "geometry": { "type": "Point", "coordinates": [ -78.0681, -7.9375 ] } },
{ "type": "Feature", "properties": { "nombre": "LAGUNA HUANGACOCHA", "categoria": "HLM", "ico": "H", "codigo": "220204", "codigo_old": "220204", "estado": "DIFERIDO" }, "geometry": { "type": "Point", "coordinates": [ -78.06705, -7.9325 ] } },
{ "type": "Feature", "properties": { "nombre": "MOLLEPATA", "categoria": "PE", "ico": "M", "codigo": "108046", "codigo_old": "154106", "estado": "DIFERIDO" }, "geometry": { "type": "Point", "coordinates": [ -77.95397, -8.19137 ] } },
{ "type": "Feature", "properties": { "nombre": "HUACAMARCANGA", "categoria": "PE", "ico": "M", "codigo": "108048", "codigo_old": "154112", "estado": "DIFERIDO" }, "geometry": { "type": "Point", "coordinates": [ -78.2937, -8.1221 ] } },
{ "type": "Feature", "properties": { "nombre": "HUACAMARCANGA", "categoria": "HLM", "ico": "H", "codigo": "201717", "codigo_old": "201717", "estado": "DIFERIDO" }, "geometry": { "type": "Point", "coordinates": [ -78.2876, -8.1081 ] } },
{ "type": "Feature", "properties": { "nombre": "QUIRUVILCA", "categoria": "PLU", "ico": "M", "codigo": "108044", "codigo_old": "154102", "estado": "DIFERIDO" }, "geometry": { "type": "Point", "coordinates": [ -78.30791, -8.00422 ] } },
{ "type": "Feature", "properties": { "nombre": "PUENTE PALMIRA", "categoria": "HLM", "ico": "H", "codigo": "211002", "codigo_old": "211002", "estado": "DIFERIDO" }, "geometry": { "type": "Point", "coordinates": [ -78.81051, -7.54919 ] } },
{ "type": "Feature", "properties": { "nombre": "EL TAMBO", "categoria": "HLM", "ico": "H", "codigo": "211003", "codigo_old": "211003", "estado": "DIFERIDO" }, "geometry": { "type": "Point", "coordinates": [ -78.70655, -7.57398 ] } },
{ "type": "Feature", "properties": { "nombre": "TINAJONES", "categoria": "CP", "ico": "M", "codigo": "106049", "codigo_old": "000335", "estado": "DIFERIDO" }, "geometry": { "type": "Point", "coordinates": [ -79.4279, -6.65493 ] } },
{ "type": "Feature", "properties": { "nombre": "BATAN", "categoria": "HLG", "ico": "H", "codigo": "201001", "codigo_old": "201001", "estado": "DIFERIDO" }, "geometry": { "type": "Point", "coordinates": [ -79.28932, -6.80359 ] } },
{ "type": "Feature", "properties": { "nombre": "INCAHUASI", "categoria": "CP", "ico": "M", "codigo": "106037", "codigo_old": "000307", "estado": "DIFERIDO" }, "geometry": { "type": "Point", "coordinates": [ -79.31806, -6.23389 ] } },
{ "type": "Feature", "properties": { "nombre": "CUEVA BLANCA", "categoria": "PLU", "ico": "M", "codigo": "106060", "codigo_old": "153102", "estado": "DIFERIDO" }, "geometry": { "type": "Point", "coordinates": [ -79.4045, -6.1313 ] } },
{ "type": "Feature", "properties": { "nombre": "PUCHACA", "categoria": "CO", "ico": "M", "codigo": "106120", "codigo_old": "003114", "estado": "DIFERIDO" }, "geometry": { "type": "Point", "coordinates": [ -79.46951, -6.37361 ] } },
{ "type": "Feature", "properties": { "nombre": "PUCHACA", "categoria": "HLG", "ico": "H", "codigo": "200801", "codigo_old": "200802", "estado": "DIFERIDO" }, "geometry": { "type": "Point", "coordinates": [ -79.46697, -6.37317 ] } },
{ "type": "Feature", "properties": { "nombre": "CERRO DE ARENA", "categoria": "CO", "ico": "M", "codigo": "105122", "codigo_old": "105122", "estado": "DIFERIDO" }, "geometry": { "type": "Point", "coordinates": [ -80.20463, -5.92461 ] } },
{ "type": "Feature", "properties": { "nombre": "PASAJE SUR", "categoria": "CO", "ico": "M", "codigo": "105121", "codigo_old": "105121", "estado": "DIFERIDO" }, "geometry": { "type": "Point", "coordinates": [ -79.97184, -5.91741 ] } },
{ "type": "Feature", "properties": { "nombre": "CUTERVO", "categoria": "CO", "ico": "M", "codigo": "106057", "codigo_old": null, "estado": "REAL" }, "geometry": { "type": "Point", "coordinates": [ -78.80512, -6.37964 ] } },
{ "type": "Feature", "properties": { "nombre": "LLAUCANO CORELLAMA", "categoria": "HLG", "ico": "H", "codigo": "221106", "codigo_old": null, "estado": "REAL" }, "geometry": { "type": "Point", "coordinates": [ -78.51823, -6.68656 ] } },
{ "type": "Feature", "properties": { "nombre": "BAMBAMARCA", "categoria": "CP", "ico": "M", "codigo": "100015", "codigo_old": null, "estado": "REAL" }, "geometry": { "type": "Point", "coordinates": [ -78.51834, -6.67655 ] } },
{ "type": "Feature", "properties": { "nombre": "JAEN", "categoria": "CP", "ico": "M", "codigo": "105067", "codigo_old": null, "estado": "REAL" }, "geometry": { "type": "Point", "coordinates": [ -78.77416, -5.67664 ] } },
{ "type": "Feature", "properties": { "nombre": "LA CASCARILLA", "categoria": "CO", "ico": "M", "codigo": "105062", "codigo_old": null, "estado": "REAL" }, "geometry": { "type": "Point", "coordinates": [ -78.89767, -5.67175 ] } },
{ "type": "Feature", "properties": { "nombre": "CHONTALI", "categoria": "CO", "ico": "M", "codigo": "105065", "codigo_old": null, "estado": "REAL" }, "geometry": { "type": "Point", "coordinates": [ -79.09, -5.64389 ] } },
{ "type": "Feature", "properties": { "nombre": "SALLIQUE", "categoria": "CO", "ico": "M", "codigo": "105053", "codigo_old": null, "estado": "REAL" }, "geometry": { "type": "Point", "coordinates": [ -79.31264, -5.65886 ] } },
{ "type": "Feature", "properties": { "nombre": "SAN IGNACIO", "categoria": "CO", "ico": "M", "codigo": "105058", "codigo_old": null, "estado": "REAL" }, "geometry": { "type": "Point", "coordinates": [ -78.99512, -5.14708 ] } },
{ "type": "Feature", "properties": { "nombre": "CHIRINOS", "categoria": "CO", "ico": "M", "codigo": "105074", "codigo_old": null, "estado": "REAL" }, "geometry": { "type": "Point", "coordinates": [ -78.89759, -5.3085 ] } },
{ "type": "Feature", "properties": { "nombre": "NAMBALLE", "categoria": "CO", "ico": "M", "codigo": "105107", "codigo_old": null, "estado": "REAL" }, "geometry": { "type": "Point", "coordinates": [ -79.08862, -4.99953 ] } },
{ "type": "Feature", "properties": { "nombre": "TABACONAS", "categoria": "CO", "ico": "M", "codigo": "105056", "codigo_old": null, "estado": "REAL" }, "geometry": { "type": "Point", "coordinates": [ -79.28488, -5.31515 ] } },
{ "type": "Feature", "properties": { "nombre": "SAN MARCOS", "categoria": "CO", "ico": "M", "codigo": "107006", "codigo_old": null, "estado": "REAL" }, "geometry": { "type": "Point", "coordinates": [ -78.1727, -7.32249 ] } },
{ "type": "Feature", "properties": { "nombre": "SONDOR-MATARA", "categoria": "CO", "ico": "M", "codigo": "107038", "codigo_old": null, "estado": "REAL" }, "geometry": { "type": "Point", "coordinates": [ -78.21262, -7.23687 ] } },
{ "type": "Feature", "properties": { "nombre": "SAN MIGUEL", "categoria": "CO", "ico": "M", "codigo": "106038", "codigo_old": null, "estado": "REAL" }, "geometry": { "type": "Point", "coordinates": [ -78.85308, -6.99684 ] } },
{ "type": "Feature", "properties": { "nombre": "QUILCATE", "categoria": "CO", "ico": "M", "codigo": "106039", "codigo_old": null, "estado": "REAL" }, "geometry": { "type": "Point", "coordinates": [ -78.744, -6.82275 ] } },
{ "type": "Feature", "properties": { "nombre": "LLAPA", "categoria": "CO", "ico": "M", "codigo": "106019", "codigo_old": null, "estado": "REAL" }, "geometry": { "type": "Point", "coordinates": [ -78.81119, -6.97833 ] } },
{ "type": "Feature", "properties": { "nombre": "NIEPOS", "categoria": "CO", "ico": "M", "codigo": "100092", "codigo_old": null, "estado": "REAL" }, "geometry": { "type": "Point", "coordinates": [ -79.12902, -6.92511 ] } },
{ "type": "Feature", "properties": { "nombre": "SAN PABLO", "categoria": "CO", "ico": "M", "codigo": "107036", "codigo_old": null, "estado": "REAL" }, "geometry": { "type": "Point", "coordinates": [ -78.83083, -7.11775 ] } },
{ "type": "Feature", "properties": { "nombre": "SANTA CRUZ", "categoria": "CO", "ico": "M", "codigo": "106056", "codigo_old": null, "estado": "REAL" }, "geometry": { "type": "Point", "coordinates": [ -78.94761, -6.61657 ] } },
{ "type": "Feature", "properties": { "nombre": "UDIMA", "categoria": "CO", "ico": "M", "codigo": "106068", "codigo_old": null, "estado": "REAL" }, "geometry": { "type": "Point", "coordinates": [ -79.09377, -6.81474 ] } },
{ "type": "Feature", "properties": { "nombre": "GRANJA KAYRA", "categoria": "MAP", "ico": "M", "codigo": "100044", "codigo_old": null, "estado": "REAL" }, "geometry": { "type": "Point", "coordinates": [ -71.87517, -13.55675 ] } },
{ "type": "Feature", "properties": { "nombre": "POMACANCHI", "categoria": "CO", "ico": "M", "codigo": "114046", "codigo_old": null, "estado": "REAL" }, "geometry": { "type": "Point", "coordinates": [ -71.57258, -14.02781 ] } },
{ "type": "Feature", "properties": { "nombre": "PUENTE CUNYAC", "categoria": "HLM", "ico": "H", "codigo": "230503", "codigo_old": null, "estado": "REAL" }, "geometry": { "type": "Point", "coordinates": [ -72.5752, -13.563 ] } },
{ "type": "Feature", "properties": { "nombre": "ANTA ANCACHURO", "categoria": "CO", "ico": "M", "codigo": "113035", "codigo_old": null, "estado": "REAL" }, "geometry": { "type": "Point", "coordinates": [ -72.21876, -13.47242 ] } },
{ "type": "Feature", "properties": { "nombre": "PISAC", "categoria": "CO", "ico": "M", "codigo": "100101", "codigo_old": null, "estado": "REAL" }, "geometry": { "type": "Point", "coordinates": [ -71.85087, -13.41951 ] } },
{ "type": "Feature", "properties": { "nombre": "PISAC", "categoria": "HLM", "ico": "H", "codigo": "250303", "codigo_old": null, "estado": "REAL" }, "geometry": { "type": "Point", "coordinates": [ -71.8539, -13.4226 ] } },
{ "type": "Feature", "properties": { "nombre": "QUEBRADA YANATILE", "categoria": "CO", "ico": "M", "codigo": "112154", "codigo_old": null, "estado": "REAL" }, "geometry": { "type": "Point", "coordinates": [ -72.2785, -12.6788 ] } },
{ "type": "Feature", "properties": { "nombre": "SICUANI", "categoria": "CO", "ico": "M", "codigo": "114033", "codigo_old": null, "estado": "REAL" }, "geometry": { "type": "Point", "coordinates": [ -71.2367, -14.23736 ] } },
{ "type": "Feature", "properties": { "nombre": "SALCCA", "categoria": "HLM", "ico": "H", "codigo": "250308", "codigo_old": null, "estado": "REAL" }, "geometry": { "type": "Point", "coordinates": [ -71.23172, -14.16963 ] } },
{ "type": "Feature", "properties": { "nombre": "SANTO TOMAS", "categoria": "CO", "ico": "M", "codigo": "114030", "codigo_old": null, "estado": "REAL" }, "geometry": { "type": "Point", "coordinates": [ -72.08774, -14.39878 ] } },
{ "type": "Feature", "properties": { "nombre": "PARURO", "categoria": "CO", "ico": "M", "codigo": "113037", "codigo_old": null, "estado": "REAL" }, "geometry": { "type": "Point", "coordinates": [ -71.8447, -13.76698 ] } },
{ "type": "Feature", "properties": { "nombre": "PAUCARTAMBO", "categoria": "HLG", "ico": "H", "codigo": "250405", "codigo_old": null, "estado": "REAL" }, "geometry": { "type": "Point", "coordinates": [ -71.5974, -13.3177 ] } },
{ "type": "Feature", "properties": { "nombre": "PAUCARTAMBO", "categoria": "CO", "ico": "M", "codigo": "100100", "codigo_old": null, "estado": "REAL" }, "geometry": { "type": "Point", "coordinates": [ -71.59668, -13.30347 ] } },
{ "type": "Feature", "properties": { "nombre": "CAICAY", "categoria": "CO", "ico": "M", "codigo": "113122", "codigo_old": null, "estado": "REAL" }, "geometry": { "type": "Point", "coordinates": [ -71.69581, -13.59999 ] } },
{ "type": "Feature", "properties": { "nombre": "CHACLLABAMBA", "categoria": "HLM", "ico": "H", "codigo": "250301", "codigo_old": null, "estado": "REAL" }, "geometry": { "type": "Point", "coordinates": [ -71.7203, -13.10677 ] } },
{ "type": "Feature", "properties": { "nombre": "CHALLABAMBA", "categoria": "CO", "ico": "M", "codigo": "100024", "codigo_old": null, "estado": "REAL" }, "geometry": { "type": "Point", "coordinates": [ -71.64938, -13.21754 ] } },
{ "type": "Feature", "properties": { "nombre": "COLQUEPATA", "categoria": "CO", "ico": "M", "codigo": "113116", "codigo_old": null, "estado": "REAL" }, "geometry": { "type": "Point", "coordinates": [ -71.67336, -13.36313 ] } },
{ "type": "Feature", "properties": { "nombre": "QUINCEMIL", "categoria": "CO", "ico": "M", "codigo": "100114", "codigo_old": null, "estado": "REAL" }, "geometry": { "type": "Point", "coordinates": [ -70.7544, -13.22893 ] } },
{ "type": "Feature", "properties": { "nombre": "CCATCCA", "categoria": "CO", "ico": "M", "codigo": "113041", "codigo_old": null, "estado": "REAL" }, "geometry": { "type": "Point", "coordinates": [ -71.5601, -13.60988 ] } },
{ "type": "Feature", "properties": { "nombre": "URUBAMBA", "categoria": "CP", "ico": "M", "codigo": "113034", "codigo_old": null, "estado": "REAL" }, "geometry": { "type": "Point", "coordinates": [ -72.12455, -13.30517 ] } },
{ "type": "Feature", "properties": { "nombre": "MACHU PICCHU", "categoria": "CO", "ico": "M", "codigo": "113031", "codigo_old": null, "estado": "REAL" }, "geometry": { "type": "Point", "coordinates": [ -72.54585, -13.16655 ] } },
{ "type": "Feature", "properties": { "nombre": "PILCHACA", "categoria": "CO", "ico": "M", "codigo": "112060", "codigo_old": null, "estado": "REAL" }, "geometry": { "type": "Point", "coordinates": [ -75.08412, -12.39939 ] } },
{ "type": "Feature", "properties": { "nombre": "ACOBAMBA", "categoria": "MAP", "ico": "M", "codigo": "112067", "codigo_old": null, "estado": "REAL" }, "geometry": { "type": "Point", "coordinates": [ -74.5616, -12.84361 ] } },
{ "type": "Feature", "properties": { "nombre": "LIRCAY", "categoria": "CO", "ico": "M", "codigo": "112065", "codigo_old": null, "estado": "REAL" }, "geometry": { "type": "Point", "coordinates": [ -74.7181, -12.9815 ] } },
{ "type": "Feature", "properties": { "nombre": "CHALLACA", "categoria": "HLM", "ico": "H", "codigo": "213502", "codigo_old": null, "estado": "REAL" }, "geometry": { "type": "Point", "coordinates": [ -75.4, -13.78333 ] } },
{ "type": "Feature", "properties": { "nombre": "ACOSTAMBO", "categoria": "CO", "ico": "M", "codigo": "112051", "codigo_old": null, "estado": "REAL" }, "geometry": { "type": "Point", "coordinates": [ -75.05725, -12.36079 ] } },
{ "type": "Feature", "properties": { "nombre": "PAMPAS", "categoria": "CO", "ico": "M", "codigo": "112012", "codigo_old": null, "estado": "REAL" }, "geometry": { "type": "Point", "coordinates": [ -74.88414, -12.40203 ] } },
{ "type": "Feature", "properties": { "nombre": "COLCABAMBA", "categoria": "CO", "ico": "M", "codigo": "112163", "codigo_old": null, "estado": "REAL" }, "geometry": { "type": "Point", "coordinates": [ -74.6835, -12.415 ] } },
{ "type": "Feature", "properties": { "nombre": "SALCABAMBA", "categoria": "CO", "ico": "M", "codigo": "100120", "codigo_old": null, "estado": "REAL" }, "geometry": { "type": "Point", "coordinates": [ -74.7794, -12.204 ] } },
{ "type": "Feature", "properties": { "nombre": "CANCHAN", "categoria": "CO", "ico": "M", "codigo": "100020", "codigo_old": null, "estado": "REAL" }, "geometry": { "type": "Point", "coordinates": [ -76.30962, -9.92095 ] } },
{ "type": "Feature", "properties": { "nombre": "PUENTE HIGUERAS", "categoria": "HLM", "ico": "H", "codigo": "221811", "codigo_old": null, "estado": "REAL" }, "geometry": { "type": "Point", "coordinates": [ -76.30938, -9.9222 ] } },
{ "type": "Feature", "properties": { "nombre": "HUANUCO", "categoria": "CP", "ico": "M", "codigo": "109003", "codigo_old": null, "estado": "REAL" }, "geometry": { "type": "Point", "coordinates": [ -76.24856, -9.95201 ] } },
{ "type": "Feature", "properties": { "nombre": "CARPISH", "categoria": "CO", "ico": "M", "codigo": "109020", "codigo_old": null, "estado": "REAL" }, "geometry": { "type": "Point", "coordinates": [ -76.09424, -9.70568 ] } },
{ "type": "Feature", "properties": { "nombre": "SAN RAFAEL", "categoria": "HLM", "ico": "H", "codigo": "221309", "codigo_old": null, "estado": "REAL" }, "geometry": { "type": "Point", "coordinates": [ -76.1824, -10.3399 ] } },
{ "type": "Feature", "properties": { "nombre": "SAN RAFAEL", "categoria": "CO", "ico": "M", "codigo": "110025", "codigo_old": null, "estado": "REAL" }, "geometry": { "type": "Point", "coordinates": [ -76.17658, -10.32926 ] } },
{ "type": "Feature", "properties": { "nombre": "DOS DE MAYO", "categoria": "CO", "ico": "M", "codigo": "109077", "codigo_old": null, "estado": "REAL" }, "geometry": { "type": "Point", "coordinates": [ -76.77374, -9.7171 ] } },
{ "type": "Feature", "properties": { "nombre": "TINGO MARIA", "categoria": "CP", "ico": "M", "codigo": "109027", "codigo_old": null, "estado": "REAL" }, "geometry": { "type": "Point", "coordinates": [ -76.00049, -9.31016 ] } },
{ "type": "Feature", "properties": { "nombre": "TINGO MARIA", "categoria": "HLG", "ico": "H", "codigo": "221820", "codigo_old": null, "estado": "REAL" }, "geometry": { "type": "Point", "coordinates": [ -76.00207, -9.29601 ] } },
{ "type": "Feature", "properties": { "nombre": "LA DIVISORIA", "categoria": "CO", "ico": "M", "codigo": "108025", "codigo_old": null, "estado": "REAL" }, "geometry": { "type": "Point", "coordinates": [ -75.81393, -9.20091 ] } },
{ "type": "Feature", "properties": { "nombre": "AUCAYACU", "categoria": "CO", "ico": "M", "codigo": "108033", "codigo_old": null, "estado": "REAL" }, "geometry": { "type": "Point", "coordinates": [ -76.11171, -8.92987 ] } },
{ "type": "Feature", "properties": { "nombre": "TULUMAYO", "categoria": "MAP", "ico": "M", "codigo": "109028", "codigo_old": null, "estado": "REAL" }, "geometry": { "type": "Point", "coordinates": [ -76.00944, -9.14706 ] } },
{ "type": "Feature", "properties": { "nombre": "CHAGLLA", "categoria": "CO", "ico": "M", "codigo": "109021", "codigo_old": null, "estado": "REAL" }, "geometry": { "type": "Point", "coordinates": [ -75.90706, -9.85008 ] } },
{ "type": "Feature", "properties": { "nombre": "PUERTO INCA", "categoria": "HLM", "ico": "H", "codigo": "231101", "codigo_old": null, "estado": "REAL" }, "geometry": { "type": "Point", "coordinates": [ -74.96792, -9.38271 ] } },
{ "type": "Feature", "properties": { "nombre": "PUERTO INCA", "categoria": "CO", "ico": "M", "codigo": "109032", "codigo_old": null, "estado": "REAL" }, "geometry": { "type": "Point", "coordinates": [ -74.96376, -9.3851 ] } },
{ "type": "Feature", "properties": { "nombre": "TOURNAVISTA", "categoria": "CO", "ico": "M", "codigo": "108034", "codigo_old": null, "estado": "REAL" }, "geometry": { "type": "Point", "coordinates": [ -74.70882, -8.92749 ] } },
{ "type": "Feature", "properties": { "nombre": "JACAS CHICO", "categoria": "CO", "ico": "M", "codigo": "109022", "codigo_old": null, "estado": "REAL" }, "geometry": { "type": "Point", "coordinates": [ -76.50094, -9.88474 ] } },
{ "type": "Feature", "properties": { "nombre": "TACAMA", "categoria": "CO", "ico": "M", "codigo": "113058", "codigo_old": null, "estado": "REAL" }, "geometry": { "type": "Point", "coordinates": [ -75.72052, -13.99978 ] } },
{ "type": "Feature", "properties": { "nombre": "OCUCAJE", "categoria": "CO", "ico": "M", "codigo": "114020", "codigo_old": null, "estado": "REAL" }, "geometry": { "type": "Point", "coordinates": [ -75.68208, -14.37844 ] } },
{ "type": "Feature", "properties": { "nombre": "SAN CAMILO", "categoria": "MAP", "ico": "M", "codigo": "114008", "codigo_old": null, "estado": "REAL" }, "geometry": { "type": "Point", "coordinates": [ -75.71101, -14.07331 ] } },
{ "type": "Feature", "properties": { "nombre": "LOS MOLINOS (ALEJANDRO PLAZA GARCIA)", "categoria": "HLG", "ico": "H", "codigo": "213500", "codigo_old": null, "estado": "REAL" }, "geometry": { "type": "Point", "coordinates": [ -75.67869, -13.92475 ] } },
{ "type": "Feature", "properties": { "nombre": "HUAMANI", "categoria": "CO", "ico": "M", "codigo": "113010", "codigo_old": null, "estado": "REAL" }, "geometry": { "type": "Point", "coordinates": [ -75.60704, -13.843 ] } },
{ "type": "Feature", "properties": { "nombre": "FONAGRO (CHINCHA)", "categoria": "MAP", "ico": "M", "codigo": "100043", "codigo_old": null, "estado": "REAL" }, "geometry": { "type": "Point", "coordinates": [ -76.13425, -13.45781 ] } },
{ "type": "Feature", "properties": { "nombre": "SAN JUAN DE YANAC", "categoria": "CO", "ico": "M", "codigo": "113081", "codigo_old": null, "estado": "REAL" }, "geometry": { "type": "Point", "coordinates": [ -75.78697, -13.21058 ] } },
{ "type": "Feature", "properties": { "nombre": "SAN PEDRO DE HUACARPANA", "categoria": "CO", "ico": "M", "codigo": "113061", "codigo_old": null, "estado": "REAL" }, "geometry": { "type": "Point", "coordinates": [ -75.6464, -13.0479 ] } },
{ "type": "Feature", "properties": { "nombre": "HUALLPOCA", "categoria": "HLG", "ico": "H", "codigo": "230712", "codigo_old": null, "estado": "REAL" }, "geometry": { "type": "Point", "coordinates": [ -74.95588, -14.63201 ] } },
{ "type": "Feature", "properties": { "nombre": "COPARA", "categoria": "CP", "ico": "M", "codigo": "114018", "codigo_old": null, "estado": "REAL" }, "geometry": { "type": "Point", "coordinates": [ -74.89082, -14.97501 ] } },
{ "type": "Feature", "properties": { "nombre": "PALPA", "categoria": "CO", "ico": "M", "codigo": "114021", "codigo_old": null, "estado": "REAL" }, "geometry": { "type": "Point", "coordinates": [ -75.18926, -14.54939 ] } },
{ "type": "Feature", "properties": { "nombre": "IMATA", "categoria": "CO", "ico": "M", "codigo": "115029", "codigo_old": null, "estado": "REAL" }, "geometry": { "type": "Point", "coordinates": [ -71.09062, -15.84266 ] } },
{ "type": "Feature", "properties": { "nombre": "SIBAYO", "categoria": "CO", "ico": "M", "codigo": "115024", "codigo_old": null, "estado": "REAL" }, "geometry": { "type": "Point", "coordinates": [ -71.45696, -15.4892 ] } },
{ "type": "Feature", "properties": { "nombre": "CHUQUIBAMBA", "categoria": "CO", "ico": "M", "codigo": "115020", "codigo_old": null, "estado": "REAL" }, "geometry": { "type": "Point", "coordinates": [ -72.65065, -15.84602 ] } },
{ "type": "Feature", "properties": { "nombre": "SALAMANCA", "categoria": "CO", "ico": "M", "codigo": "115043", "codigo_old": null, "estado": "REAL" }, "geometry": { "type": "Point", "coordinates": [ -72.83202, -15.50294 ] } },
{ "type": "Feature", "properties": { "nombre": "LA PASCANA", "categoria": "HLG", "ico": "H", "codigo": "204905", "codigo_old": null, "estado": "REAL" }, "geometry": { "type": "Point", "coordinates": [ -71.63879, -16.99936 ] } },
{ "type": "Feature", "properties": { "nombre": "PAMPA BLANCA", "categoria": "CP", "ico": "M", "codigo": "117005", "codigo_old": null, "estado": "REAL" }, "geometry": { "type": "Point", "coordinates": [ -71.7245, -17.0716 ] } },
{ "type": "Feature", "properties": { "nombre": "COTAHUASI", "categoria": "CO", "ico": "M", "codigo": "115019", "codigo_old": null, "estado": "REAL" }, "geometry": { "type": "Point", "coordinates": [ -72.89325, -15.21134 ] } },
{ "type": "Feature", "properties": { "nombre": "MARCELINO SERNA (PAMPAS)", "categoria": "HLG", "ico": "H", "codigo": "251001", "codigo_old": null, "estado": "REAL" }, "geometry": { "type": "Point", "coordinates": [ -73.82791, -13.43453 ] } },
{ "type": "Feature", "properties": { "nombre": "WAYLLAPAMPA", "categoria": "CO", "ico": "M", "codigo": "112069", "codigo_old": null, "estado": "REAL" }, "geometry": { "type": "Point", "coordinates": [ -74.21651, -13.0765 ] } },
{ "type": "Feature", "properties": { "nombre": "LA QUINUA", "categoria": "CO", "ico": "M", "codigo": "113021", "codigo_old": null, "estado": "REAL" }, "geometry": { "type": "Point", "coordinates": [ -74.14159, -13.05548 ] } },
{ "type": "Feature", "properties": { "nombre": "SAN PEDRO DE CACHI", "categoria": "CO", "ico": "M", "codigo": "100127", "codigo_old": null, "estado": "REAL" }, "geometry": { "type": "Point", "coordinates": [ -74.39067, -13.08742 ] } },
{ "type": "Feature", "properties": { "nombre": "PUQUIO", "categoria": "CO", "ico": "M", "codigo": "114023", "codigo_old": null, "estado": "REAL" }, "geometry": { "type": "Point", "coordinates": [ -74.1316, -14.69928 ] } },
{ "type": "Feature", "properties": { "nombre": "HUAC-HUAS", "categoria": "CO", "ico": "M", "codigo": "114055", "codigo_old": null, "estado": "REAL" }, "geometry": { "type": "Point", "coordinates": [ -74.941, -14.1324 ] } },
{ "type": "Feature", "properties": { "nombre": "LLAUTA", "categoria": "HLG", "ico": "H", "codigo": "213600", "codigo_old": null, "estado": "REAL" }, "geometry": { "type": "Point", "coordinates": [ -74.92135, -14.23998 ] } },
{ "type": "Feature", "properties": { "nombre": "CORACORA", "categoria": "CO", "ico": "M", "codigo": "115015", "codigo_old": null, "estado": "REAL" }, "geometry": { "type": "Point", "coordinates": [ -73.77945, -15.01194 ] } },
{ "type": "Feature", "properties": { "nombre": "PAUZA", "categoria": "CO", "ico": "M", "codigo": "115017", "codigo_old": null, "estado": "REAL" }, "geometry": { "type": "Point", "coordinates": [ -73.3411, -15.2753 ] } },
{ "type": "Feature", "properties": { "nombre": "PAUCARAY", "categoria": "CO", "ico": "M", "codigo": "114044", "codigo_old": null, "estado": "REAL" }, "geometry": { "type": "Point", "coordinates": [ -73.6386, -14.0439 ] } },
{ "type": "Feature", "properties": { "nombre": "HUANCAPI", "categoria": "CO", "ico": "M", "codigo": "113022", "codigo_old": null, "estado": "REAL" }, "geometry": { "type": "Point", "coordinates": [ -74.0681, -13.749 ] } },
{ "type": "Feature", "properties": { "nombre": "VILCASHUAMAN", "categoria": "CO", "ico": "M", "codigo": "113100", "codigo_old": null, "estado": "REAL" }, "geometry": { "type": "Point", "coordinates": [ -73.95238, -13.66882 ] } },
{ "type": "Feature", "properties": { "nombre": "MASHCON", "categoria": "HLG", "ico": "H", "codigo": "220213", "codigo_old": null, "estado": "REAL" }, "geometry": { "type": "Point", "coordinates": [ -78.47833, -7.165 ] } },
{ "type": "Feature", "properties": { "nombre": "GRANJA PORCON", "categoria": "CO", "ico": "M", "codigo": "107002", "codigo_old": null, "estado": "REAL" }, "geometry": { "type": "Point", "coordinates": [ -78.6334, -7.03753 ] } },
{ "type": "Feature", "properties": { "nombre": "AUGUSTO WEBERBAUER", "categoria": "MAP", "ico": "M", "codigo": "107028", "codigo_old": null, "estado": "REAL" }, "geometry": { "type": "Point", "coordinates": [ -78.49309, -7.1675 ] } },
{ "type": "Feature", "properties": { "nombre": "ASUNCION", "categoria": "CO", "ico": "M", "codigo": "107018", "codigo_old": null, "estado": "REAL" }, "geometry": { "type": "Point", "coordinates": [ -78.51582, -7.32604 ] } },
{ "type": "Feature", "properties": { "nombre": "COSPAN", "categoria": "CO", "ico": "M", "codigo": "100037", "codigo_old": null, "estado": "REAL" }, "geometry": { "type": "Point", "coordinates": [ -78.54106, -7.42857 ] } },
{ "type": "Feature", "properties": { "nombre": "LA ENCAÑADA", "categoria": "CO", "ico": "M", "codigo": "107093", "codigo_old": null, "estado": "REAL" }, "geometry": { "type": "Point", "coordinates": [ -78.33314, -7.12327 ] } },
{ "type": "Feature", "properties": { "nombre": "JESUS TUNEL", "categoria": "HLG", "ico": "H", "codigo": "220205", "codigo_old": null, "estado": "REAL" }, "geometry": { "type": "Point", "coordinates": [ -78.40376, -7.22064 ] } },
{ "type": "Feature", "properties": { "nombre": "JESUS", "categoria": "CO", "ico": "M", "codigo": "107016", "codigo_old": null, "estado": "REAL" }, "geometry": { "type": "Point", "coordinates": [ -78.38841, -7.2457 ] } },
{ "type": "Feature", "properties": { "nombre": "MAGDALENA", "categoria": "CO", "ico": "M", "codigo": "107017", "codigo_old": null, "estado": "REAL" }, "geometry": { "type": "Point", "coordinates": [ -78.65261, -7.25346 ] } },
{ "type": "Feature", "properties": { "nombre": "NAMORA BOCATOMA", "categoria": "HLG", "ico": "H", "codigo": "220206", "codigo_old": null, "estado": "REAL" }, "geometry": { "type": "Point", "coordinates": [ -78.29472, -7.24262 ] } },
{ "type": "Feature", "properties": { "nombre": "NAMORA", "categoria": "CO", "ico": "M", "codigo": "107037", "codigo_old": null, "estado": "REAL" }, "geometry": { "type": "Point", "coordinates": [ -78.32782, -7.2006 ] } },
{ "type": "Feature", "properties": { "nombre": "SAN JUAN", "categoria": "CO", "ico": "M", "codigo": "107005", "codigo_old": null, "estado": "REAL" }, "geometry": { "type": "Point", "coordinates": [ -78.49106, -7.29756 ] } },
{ "type": "Feature", "properties": { "nombre": "CAJABAMBA", "categoria": "CO", "ico": "M", "codigo": "107008", "codigo_old": null, "estado": "REAL" }, "geometry": { "type": "Point", "coordinates": [ -78.05131, -7.62166 ] } },
{ "type": "Feature", "properties": { "nombre": "CACHACHI", "categoria": "PE", "ico": "M", "codigo": "107068", "codigo_old": null, "estado": "REAL" }, "geometry": { "type": "Point", "coordinates": [ -78.26855, -7.45106 ] } },
{ "type": "Feature", "properties": { "nombre": "PUENTE CRISNEJAS", "categoria": "HLM", "ico": "H", "codigo": "220201", "codigo_old": null, "estado": "REAL" }, "geometry": { "type": "Point", "coordinates": [ -78.11313, -7.46354 ] } },
{ "type": "Feature", "properties": { "nombre": "CELENDIN", "categoria": "CO", "ico": "M", "codigo": "106010", "codigo_old": null, "estado": "REAL" }, "geometry": { "type": "Point", "coordinates": [ -78.14485, -6.85292 ] } },
{ "type": "Feature", "properties": { "nombre": "BALZAS", "categoria": "HLM", "ico": "H", "codigo": "221303", "codigo_old": null, "estado": "REAL" }, "geometry": { "type": "Point", "coordinates": [ -78.03024, -6.84465 ] } },
{ "type": "Feature", "properties": { "nombre": "CHOTA", "categoria": "CO", "ico": "M", "codigo": "106034", "codigo_old": null, "estado": "REAL" }, "geometry": { "type": "Point", "coordinates": [ -78.64863, -6.54713 ] } },
{ "type": "Feature", "properties": { "nombre": "COCHABAMBA", "categoria": "CO", "ico": "M", "codigo": "106058", "codigo_old": null, "estado": "REAL" }, "geometry": { "type": "Point", "coordinates": [ -78.8886, -6.46009 ] } },
{ "type": "Feature", "properties": { "nombre": "HUAMBOS", "categoria": "CP", "ico": "M", "codigo": "106054", "codigo_old": null, "estado": "REAL" }, "geometry": { "type": "Point", "coordinates": [ -78.96315, -6.45368 ] } },
{ "type": "Feature", "properties": { "nombre": "CHOTANO LAJAS", "categoria": "HLG", "ico": "H", "codigo": "220611", "codigo_old": null, "estado": "REAL" }, "geometry": { "type": "Point", "coordinates": [ -78.74111, -6.55972 ] } },
{ "type": "Feature", "properties": { "nombre": "LLAMA", "categoria": "CO", "ico": "M", "codigo": "106053", "codigo_old": null, "estado": "REAL" }, "geometry": { "type": "Point", "coordinates": [ -79.12262, -6.51443 ] } },
{ "type": "Feature", "properties": { "nombre": "TOCMOCHE", "categoria": "CO", "ico": "M", "codigo": "106061", "codigo_old": null, "estado": "REAL" }, "geometry": { "type": "Point", "coordinates": [ -79.3557, -6.4101 ] } },
{ "type": "Feature", "properties": { "nombre": "CONTUMAZA", "categoria": "CO", "ico": "M", "codigo": "107052", "codigo_old": null, "estado": "REAL" }, "geometry": { "type": "Point", "coordinates": [ -78.82273, -7.36521 ] } },
{ "type": "Feature", "properties": { "nombre": "PUENTE CHILETE", "categoria": "HLG", "ico": "H", "codigo": "201207", "codigo_old": null, "estado": "REAL" }, "geometry": { "type": "Point", "coordinates": [ -78.83799, -7.21969 ] } },
{ "type": "Feature", "properties": { "nombre": "CHILETE", "categoria": "PLU", "ico": "M", "codigo": "107058", "codigo_old": null, "estado": "REAL" }, "geometry": { "type": "Point", "coordinates": [ -78.83799, -7.21968 ] } },
{ "type": "Feature", "properties": { "nombre": "SAN BENITO", "categoria": "CO", "ico": "M", "codigo": "107057", "codigo_old": null, "estado": "REAL" }, "geometry": { "type": "Point", "coordinates": [ -78.92673, -7.42819 ] } },
{ "type": "Feature", "properties": { "nombre": "HUARMEY", "categoria": "CO", "ico": "M", "codigo": "110016", "codigo_old": null, "estado": "REAL" }, "geometry": { "type": "Point", "coordinates": [ -78.16232, -10.06812 ] } },
{ "type": "Feature", "properties": { "nombre": "MALVAS", "categoria": "CO", "ico": "M", "codigo": "109038", "codigo_old": null, "estado": "REAL" }, "geometry": { "type": "Point", "coordinates": [ -77.65519, -9.92723 ] } },
{ "type": "Feature", "properties": { "nombre": "PISCOBAMBA II", "categoria": "CO", "ico": "M", "codigo": "108103", "codigo_old": null, "estado": "REAL" }, "geometry": { "type": "Point", "coordinates": [ -77.35072, -8.87045 ] } },
{ "type": "Feature", "properties": { "nombre": "CABANA", "categoria": "CP", "ico": "M", "codigo": "108064", "codigo_old": null, "estado": "REAL" }, "geometry": { "type": "Point", "coordinates": [ -78.00461, -8.39058 ] } },
{ "type": "Feature", "properties": { "nombre": "POMABAMBA", "categoria": "CO", "ico": "M", "codigo": "108017", "codigo_old": null, "estado": "REAL" }, "geometry": { "type": "Point", "coordinates": [ -77.45733, -8.8217 ] } },
{ "type": "Feature", "properties": { "nombre": "RECUAY", "categoria": "CO", "ico": "M", "codigo": "109017", "codigo_old": null, "estado": "REAL" }, "geometry": { "type": "Point", "coordinates": [ -77.45365, -9.72919 ] } },
{ "type": "Feature", "properties": { "nombre": "CHACHAPOYAS", "categoria": "CO", "ico": "M", "codigo": "106011", "codigo_old": null, "estado": "REAL" }, "geometry": { "type": "Point", "coordinates": [ -77.86712, -6.2083 ] } },
{ "type": "Feature", "properties": { "nombre": "ARAMANGO", "categoria": "CO", "ico": "M", "codigo": "105075", "codigo_old": null, "estado": "REAL" }, "geometry": { "type": "Point", "coordinates": [ -78.43553, -5.41994 ] } },
{ "type": "Feature", "properties": { "nombre": "JAZAN", "categoria": "CO", "ico": "M", "codigo": "105079", "codigo_old": null, "estado": "REAL" }, "geometry": { "type": "Point", "coordinates": [ -77.97569, -5.94485 ] } },
{ "type": "Feature", "properties": { "nombre": "LOS NARANJOS", "categoria": "HLG", "ico": "H", "codigo": "221501", "codigo_old": null, "estado": "REAL" }, "geometry": { "type": "Point", "coordinates": [ -78.43154, -5.75568 ] } },
{ "type": "Feature", "properties": { "nombre": "BAGUA CHICA", "categoria": "CP", "ico": "M", "codigo": "105068", "codigo_old": null, "estado": "REAL" }, "geometry": { "type": "Point", "coordinates": [ -78.53396, -5.66148 ] } },
{ "type": "Feature", "properties": { "nombre": "JAMALCA", "categoria": "CO", "ico": "M", "codigo": "105042", "codigo_old": null, "estado": "REAL" }, "geometry": { "type": "Point", "coordinates": [ -78.2339, -5.8927 ] } },
{ "type": "Feature", "properties": { "nombre": "CAJAMARQUILLA", "categoria": "CO", "ico": "M", "codigo": "109046", "codigo_old": null, "estado": "REAL" }, "geometry": { "type": "Point", "coordinates": [ -77.74136, -9.63204 ] } },
{ "type": "Feature", "properties": { "nombre": "PARIACOTO", "categoria": "CO", "ico": "M", "codigo": "109040", "codigo_old": null, "estado": "REAL" }, "geometry": { "type": "Point", "coordinates": [ -77.88761, -9.55239 ] } },
{ "type": "Feature", "properties": { "nombre": "AIJA", "categoria": "CO", "ico": "M", "codigo": "109016", "codigo_old": null, "estado": "REAL" }, "geometry": { "type": "Point", "coordinates": [ -77.60674, -9.78164 ] } },
{ "type": "Feature", "properties": { "nombre": "CHIQUIAN", "categoria": "CO", "ico": "M", "codigo": "110018", "codigo_old": null, "estado": "REAL" }, "geometry": { "type": "Point", "coordinates": [ -77.15949, -10.14763 ] } },
{ "type": "Feature", "properties": { "nombre": "CHAVIN", "categoria": "CO", "ico": "M", "codigo": "109019", "codigo_old": null, "estado": "REAL" }, "geometry": { "type": "Point", "coordinates": [ -77.17526, -9.58598 ] } },
{ "type": "Feature", "properties": { "nombre": "CHAMANA", "categoria": "CO", "ico": "M", "codigo": "110039", "codigo_old": null, "estado": "REAL" }, "geometry": { "type": "Point", "coordinates": [ -77.55872, -10.20739 ] } },
{ "type": "Feature", "properties": { "nombre": "SIHUAS", "categoria": "CO", "ico": "M", "codigo": "108047", "codigo_old": null, "estado": "REAL" }, "geometry": { "type": "Point", "coordinates": [ -77.65, -8.56667 ] } },
{ "type": "Feature", "properties": { "nombre": "YUNGAY", "categoria": "CO", "ico": "M", "codigo": "109018", "codigo_old": null, "estado": "REAL" }, "geometry": { "type": "Point", "coordinates": [ -77.74998, -9.14189 ] } },
{ "type": "Feature", "properties": { "nombre": "CURAHUASI", "categoria": "CP", "ico": "M", "codigo": "113029", "codigo_old": null, "estado": "REAL" }, "geometry": { "type": "Point", "coordinates": [ -72.73487, -13.55253 ] } },
{ "type": "Feature", "properties": { "nombre": "GRANJA SAN ANTONIO", "categoria": "MAP", "ico": "M", "codigo": "113225", "codigo_old": null, "estado": "REAL" }, "geometry": { "type": "Point", "coordinates": [ -72.8569, -13.6049 ] } },
{ "type": "Feature", "properties": { "nombre": "ANDAHUAYLAS", "categoria": "CO", "ico": "M", "codigo": "113025", "codigo_old": null, "estado": "REAL" }, "geometry": { "type": "Point", "coordinates": [ -73.36679, -13.64863 ] } },
{ "type": "Feature", "properties": { "nombre": "AYMARAES", "categoria": "CO", "ico": "M", "codigo": "114117", "codigo_old": null, "estado": "REAL" }, "geometry": { "type": "Point", "coordinates": [ -73.25168, -14.29056 ] } },
{ "type": "Feature", "properties": { "nombre": "TAMBOBAMBA", "categoria": "CO", "ico": "M", "codigo": "113059", "codigo_old": null, "estado": "REAL" }, "geometry": { "type": "Point", "coordinates": [ -72.17522, -13.94492 ] } },
{ "type": "Feature", "properties": { "nombre": "PAMPAS", "categoria": "CO", "ico": "M", "codigo": "113138", "codigo_old": null, "estado": "REAL" }, "geometry": { "type": "Point", "coordinates": [ -73.82427, -13.43488 ] } },
{ "type": "Feature", "properties": { "nombre": "CURPAHUASI", "categoria": "CO", "ico": "M", "codigo": "114108", "codigo_old": null, "estado": "REAL" }, "geometry": { "type": "Point", "coordinates": [ -72.6669, -14.0628 ] } },
{ "type": "Feature", "properties": { "nombre": "LA PAMPILLA", "categoria": "MAP", "ico": "M", "codigo": "116017", "codigo_old": null, "estado": "REAL" }, "geometry": { "type": "Point", "coordinates": [ -71.53453, -16.4138 ] } },
{ "type": "Feature", "properties": { "nombre": "CHIGUATA", "categoria": "CO", "ico": "M", "codigo": "116020", "codigo_old": null, "estado": "REAL" }, "geometry": { "type": "Point", "coordinates": [ -71.40913, -16.40644 ] } },
{ "type": "Feature", "properties": { "nombre": "HUASACACHE", "categoria": "CO", "ico": "M", "codigo": "116003", "codigo_old": null, "estado": "REAL" }, "geometry": { "type": "Point", "coordinates": [ -71.56635, -16.45774 ] } },
{ "type": "Feature", "properties": { "nombre": "TINGO GRANDE", "categoria": "HLG", "ico": "H", "codigo": "204708", "codigo_old": null, "estado": "REAL" }, "geometry": { "type": "Point", "coordinates": [ -71.57431, -16.45992 ] } },
{ "type": "Feature", "properties": { "nombre": "PUENTE DEL DIABLO", "categoria": "HLG", "ico": "H", "codigo": "204707", "codigo_old": null, "estado": "REAL" }, "geometry": { "type": "Point", "coordinates": [ -71.67503, -16.42679 ] } },
{ "type": "Feature", "properties": { "nombre": "LA JOYA", "categoria": "MAP", "ico": "M", "codigo": "116005", "codigo_old": null, "estado": "REAL" }, "geometry": { "type": "Point", "coordinates": [ -71.92464, -16.58359 ] } },
{ "type": "Feature", "properties": { "nombre": "HACIENDA PAMPATA", "categoria": "HLG", "ico": "H", "codigo": "204621", "codigo_old": null, "estado": "REAL" }, "geometry": { "type": "Point", "coordinates": [ -72.69957, -16.54193 ] } },
{ "type": "Feature", "properties": { "nombre": "OCOÑA", "categoria": "HLG", "ico": "H", "codigo": "204504", "codigo_old": null, "estado": "REAL" }, "geometry": { "type": "Point", "coordinates": [ -73.1145, -16.427 ] } },
{ "type": "Feature", "properties": { "nombre": "CAMANA", "categoria": "CO", "ico": "M", "codigo": "116013", "codigo_old": null, "estado": "REAL" }, "geometry": { "type": "Point", "coordinates": [ -72.70432, -16.64395 ] } },
{ "type": "Feature", "properties": { "nombre": "CARAVELI", "categoria": "CO", "ico": "M", "codigo": "115018", "codigo_old": null, "estado": "REAL" }, "geometry": { "type": "Point", "coordinates": [ -73.36259, -15.77568 ] } },
{ "type": "Feature", "properties": { "nombre": "PUNTA ATICO", "categoria": "CO", "ico": "M", "codigo": "116011", "codigo_old": null, "estado": "REAL" }, "geometry": { "type": "Point", "coordinates": [ -73.6964, -16.2317 ] } },
{ "type": "Feature", "properties": { "nombre": "CHAPARRA", "categoria": "CO", "ico": "M", "codigo": "100026", "codigo_old": null, "estado": "REAL" }, "geometry": { "type": "Point", "coordinates": [ -73.87089, -15.74765 ] } },
{ "type": "Feature", "properties": { "nombre": "LOMAS", "categoria": "CO", "ico": "M", "codigo": "115133", "codigo_old": null, "estado": "REAL" }, "geometry": { "type": "Point", "coordinates": [ -74.8503, -15.57119 ] } },
{ "type": "Feature", "properties": { "nombre": "HUATIAPA", "categoria": "HLG", "ico": "H", "codigo": "204617", "codigo_old": null, "estado": "REAL" }, "geometry": { "type": "Point", "coordinates": [ -72.48355, -16.00806 ] } },
{ "type": "Feature", "properties": { "nombre": "APLAO", "categoria": "CO", "ico": "M", "codigo": "116014", "codigo_old": null, "estado": "REAL" }, "geometry": { "type": "Point", "coordinates": [ -72.49226, -16.07288 ] } },
{ "type": "Feature", "properties": { "nombre": "ANDAGUA", "categoria": "CO", "ico": "M", "codigo": "115085", "codigo_old": null, "estado": "REAL" }, "geometry": { "type": "Point", "coordinates": [ -72.3551, -15.5009 ] } },
{ "type": "Feature", "properties": { "nombre": "CHOCO", "categoria": "CO", "ico": "M", "codigo": "115089", "codigo_old": null, "estado": "REAL" }, "geometry": { "type": "Point", "coordinates": [ -72.1296, -15.5771 ] } },
{ "type": "Feature", "properties": { "nombre": "MACHAHUAY", "categoria": "CO", "ico": "M", "codigo": "115129", "codigo_old": null, "estado": "REAL" }, "geometry": { "type": "Point", "coordinates": [ -72.50322, -15.65321 ] } },
{ "type": "Feature", "properties": { "nombre": "ORCOPAMPA", "categoria": "CO", "ico": "M", "codigo": "115086", "codigo_old": null, "estado": "REAL" }, "geometry": { "type": "Point", "coordinates": [ -72.341, -15.2639 ] } },
{ "type": "Feature", "properties": { "nombre": "PAMPACOLCA", "categoria": "CO", "ico": "M", "codigo": "115021", "codigo_old": null, "estado": "REAL" }, "geometry": { "type": "Point", "coordinates": [ -72.5683, -15.7167 ] } },
{ "type": "Feature", "properties": { "nombre": "CHIVAY", "categoria": "CO", "ico": "M", "codigo": "115025", "codigo_old": null, "estado": "REAL" }, "geometry": { "type": "Point", "coordinates": [ -71.60169, -15.64163 ] } },
{ "type": "Feature", "properties": { "nombre": "CABANACONDE", "categoria": "CO", "ico": "M", "codigo": "115041", "codigo_old": null, "estado": "REAL" }, "geometry": { "type": "Point", "coordinates": [ -71.97409, -15.6226 ] } },
{ "type": "Feature", "properties": { "nombre": "CAYLLOMA", "categoria": "CO", "ico": "M", "codigo": "115022", "codigo_old": null, "estado": "REAL" }, "geometry": { "type": "Point", "coordinates": [ -71.77019, -15.18882 ] } },
{ "type": "Feature", "properties": { "nombre": "HUAMBO", "categoria": "CO", "ico": "M", "codigo": "115090", "codigo_old": null, "estado": "REAL" }, "geometry": { "type": "Point", "coordinates": [ -72.10693, -15.73201 ] } },
{ "type": "Feature", "properties": { "nombre": "HUANCA", "categoria": "CO", "ico": "M", "codigo": "116058", "codigo_old": null, "estado": "REAL" }, "geometry": { "type": "Point", "coordinates": [ -71.88108, -16.03458 ] } },
{ "type": "Feature", "properties": { "nombre": "CAJATAMBO", "categoria": "CO", "ico": "M", "codigo": "110019", "codigo_old": null, "estado": "REAL" }, "geometry": { "type": "Point", "coordinates": [ -76.98971, -10.47788 ] } },
{ "type": "Feature", "properties": { "nombre": "CANTA", "categoria": "CP", "ico": "M", "codigo": "111026", "codigo_old": null, "estado": "REAL" }, "geometry": { "type": "Point", "coordinates": [ -76.62569, -11.47121 ] } },
{ "type": "Feature", "properties": { "nombre": "OBRAJILLO", "categoria": "HLG", "ico": "H", "codigo": "202802", "codigo_old": null, "estado": "REAL" }, "geometry": { "type": "Point", "coordinates": [ -76.62217, -11.45293 ] } },
{ "type": "Feature", "properties": { "nombre": "PUENTE MAGDALENA", "categoria": "HLG", "ico": "H", "codigo": "111151", "codigo_old": null, "estado": "REAL" }, "geometry": { "type": "Point", "coordinates": [ -76.83719, -11.69463 ] } },
{ "type": "Feature", "properties": { "nombre": "LA CAPILLA", "categoria": "HLG", "ico": "H", "codigo": "203101", "codigo_old": null, "estado": "REAL" }, "geometry": { "type": "Point", "coordinates": [ -76.49637, -12.52194 ] } },
{ "type": "Feature", "properties": { "nombre": "SOCSI CAÑETE", "categoria": "PE", "ico": "M", "codigo": "113140", "codigo_old": null, "estado": "REAL" }, "geometry": { "type": "Point", "coordinates": [ -76.20027, -13.03051 ] } },
{ "type": "Feature", "properties": { "nombre": "SOCSI", "categoria": "HLG", "ico": "H", "codigo": "203302", "codigo_old": null, "estado": "REAL" }, "geometry": { "type": "Point", "coordinates": [ -76.19453, -13.0283 ] } },
{ "type": "Feature", "properties": { "nombre": "PACARAN", "categoria": "CO", "ico": "M", "codigo": "112058", "codigo_old": null, "estado": "REAL" }, "geometry": { "type": "Point", "coordinates": [ -76.05793, -12.86689 ] } },
{ "type": "Feature", "properties": { "nombre": "PACARAN", "categoria": "HLM", "ico": "H", "codigo": "203303", "codigo_old": null, "estado": "REAL" }, "geometry": { "type": "Point", "coordinates": [ -76.05479, -12.86096 ] } },
{ "type": "Feature", "properties": { "nombre": "HUAYAN", "categoria": "CO", "ico": "M", "codigo": "111022", "codigo_old": null, "estado": "REAL" }, "geometry": { "type": "Point", "coordinates": [ -77.122, -11.45281 ] } },
{ "type": "Feature", "properties": { "nombre": "SANTO DOMINGO", "categoria": "HLG", "ico": "H", "codigo": "202701", "codigo_old": null, "estado": "REAL" }, "geometry": { "type": "Point", "coordinates": [ -77.02823, -11.37009 ] } },
{ "type": "Feature", "properties": { "nombre": "PAMPA DE MAJES", "categoria": "MAP", "ico": "M", "codigo": "116006", "codigo_old": null, "estado": "REAL" }, "geometry": { "type": "Point", "coordinates": [ -72.1525, -16.3357 ] } },
{ "type": "Feature", "properties": { "nombre": "HUANCAVELICA", "categoria": "CO", "ico": "M", "codigo": "112061", "codigo_old": null, "estado": "REAL" }, "geometry": { "type": "Point", "coordinates": [ -75.0124, -12.7715 ] } },
{ "type": "Feature", "properties": { "nombre": "PUERTO ALMENDRA", "categoria": "CO", "ico": "M", "codigo": "103046", "codigo_old": null, "estado": "REAL" }, "geometry": { "type": "Point", "coordinates": [ -73.377, -3.8286 ] } },
{ "type": "Feature", "properties": { "nombre": "LA YARADA", "categoria": "CP", "ico": "M", "codigo": "118002", "codigo_old": null, "estado": "REAL" }, "geometry": { "type": "Point", "coordinates": [ -70.5259, -18.2107 ] } },
{ "type": "Feature", "properties": { "nombre": "MATUCANA", "categoria": "CO", "ico": "M", "codigo": "111027", "codigo_old": null, "estado": "REAL" }, "geometry": { "type": "Point", "coordinates": [ -76.37792, -11.83913 ] } },
{ "type": "Feature", "properties": { "nombre": "ANTAPUCRO", "categoria": "HLG", "ico": "H", "codigo": "203003", "codigo_old": null, "estado": "REAL" }, "geometry": { "type": "Point", "coordinates": [ -76.62437, -12.0314 ] } },
{ "type": "Feature", "properties": { "nombre": "RIO BLANCO", "categoria": "HLG", "ico": "H", "codigo": "202904", "codigo_old": null, "estado": "REAL" }, "geometry": { "type": "Point", "coordinates": [ -76.25938, -11.7345 ] } },
{ "type": "Feature", "properties": { "nombre": "HUAROCHIRI", "categoria": "CO", "ico": "M", "codigo": "112055", "codigo_old": null, "estado": "REAL" }, "geometry": { "type": "Point", "coordinates": [ -76.23429, -12.13886 ] } },
{ "type": "Feature", "properties": { "nombre": "SAN LAZARO DE ESCOMARCA", "categoria": "CO", "ico": "M", "codigo": "112126", "codigo_old": null, "estado": "REAL" }, "geometry": { "type": "Point", "coordinates": [ -76.35207, -12.18088 ] } },
{ "type": "Feature", "properties": { "nombre": "SAN MATEO DE HUANCHOR", "categoria": "PLU", "ico": "M", "codigo": "111175", "codigo_old": null, "estado": "REAL" }, "geometry": { "type": "Point", "coordinates": [ -76.301, -11.76017 ] } },
{ "type": "Feature", "properties": { "nombre": "SAN MATEO", "categoria": "HLG", "ico": "H", "codigo": "202905", "codigo_old": null, "estado": "REAL" }, "geometry": { "type": "Point", "coordinates": [ -76.30111, -11.76012 ] } },
{ "type": "Feature", "properties": { "nombre": "SANTA EULALIA", "categoria": "PLU", "ico": "M", "codigo": "111086", "codigo_old": null, "estado": "REAL" }, "geometry": { "type": "Point", "coordinates": [ -76.66664, -11.92 ] } },
{ "type": "Feature", "properties": { "nombre": "SANTA EULALIA", "categoria": "HLM", "ico": "H", "codigo": "202930", "codigo_old": null, "estado": "REAL" }, "geometry": { "type": "Point", "coordinates": [ -76.66678, -11.91984 ] } },
{ "type": "Feature", "properties": { "nombre": "UNJF SANCHEZ CARRION - HUACHO", "categoria": "CP", "ico": "M", "codigo": "111163", "codigo_old": null, "estado": "REAL" }, "geometry": { "type": "Point", "coordinates": [ -77.60603, -11.12386 ] } },
{ "type": "Feature", "properties": { "nombre": "LOMAS DE LACHAY", "categoria": "CO", "ico": "M", "codigo": "111018", "codigo_old": null, "estado": "REAL" }, "geometry": { "type": "Point", "coordinates": [ -77.36839, -11.36014 ] } },
{ "type": "Feature", "properties": { "nombre": "ALCANTARILLA", "categoria": "MAP", "ico": "M", "codigo": "111004", "codigo_old": null, "estado": "REAL" }, "geometry": { "type": "Point", "coordinates": [ -77.55011, -11.06068 ] } },
{ "type": "Feature", "properties": { "nombre": "PICOY", "categoria": "CO", "ico": "M", "codigo": "110021", "codigo_old": null, "estado": "REAL" }, "geometry": { "type": "Point", "coordinates": [ -76.73701, -10.92162 ] } },
{ "type": "Feature", "properties": { "nombre": "PICOY", "categoria": "HLG", "ico": "H", "codigo": "202607", "codigo_old": null, "estado": "REAL" }, "geometry": { "type": "Point", "coordinates": [ -76.7367, -10.92164 ] } },
{ "type": "Feature", "properties": { "nombre": "SAYAN", "categoria": "HLM", "ico": "H", "codigo": "212301", "codigo_old": null, "estado": "REAL" }, "geometry": { "type": "Point", "coordinates": [ -77.19832, -11.13476 ] } },
{ "type": "Feature", "properties": { "nombre": "CAMAY", "categoria": "CO", "ico": "M", "codigo": "110017", "codigo_old": null, "estado": "REAL" }, "geometry": { "type": "Point", "coordinates": [ -77.6489, -10.91294 ] } },
{ "type": "Feature", "properties": { "nombre": "YAUYOS", "categoria": "CO", "ico": "M", "codigo": "112057", "codigo_old": null, "estado": "REAL" }, "geometry": { "type": "Point", "coordinates": [ -75.91039, -12.49173 ] } },
{ "type": "Feature", "properties": { "nombre": "HUANGASCAR", "categoria": "PE", "ico": "M", "codigo": "112134", "codigo_old": null, "estado": "REAL" }, "geometry": { "type": "Point", "coordinates": [ -75.83365, -12.89858 ] } },
{ "type": "Feature", "properties": { "nombre": "TAMSHIYACU", "categoria": "CO", "ico": "M", "codigo": "103049", "codigo_old": null, "estado": "REAL" }, "geometry": { "type": "Point", "coordinates": [ -73.16112, -4.00356 ] } },
{ "type": "Feature", "properties": { "nombre": "TAMSHIYACU", "categoria": "HLM", "ico": "H", "codigo": "240103", "codigo_old": null, "estado": "REAL" }, "geometry": { "type": "Point", "coordinates": [ -73.1614, -4.00316 ] } },
{ "type": "Feature", "properties": { "nombre": "FRANCISCO ORELLANA", "categoria": "CO", "ico": "M", "codigo": "103024", "codigo_old": null, "estado": "REAL" }, "geometry": { "type": "Point", "coordinates": [ -72.76667, -3.42333 ] } },
{ "type": "Feature", "properties": { "nombre": "MAZAN", "categoria": "CP", "ico": "M", "codigo": "103044", "codigo_old": null, "estado": "REAL" }, "geometry": { "type": "Point", "coordinates": [ -73.08182, -3.48817 ] } },
{ "type": "Feature", "properties": { "nombre": "PUNCHANA", "categoria": "PE", "ico": "M", "codigo": "103015", "codigo_old": null, "estado": "REAL" }, "geometry": { "type": "Point", "coordinates": [ -73.2556, -3.6903 ] } },
{ "type": "Feature", "properties": { "nombre": "SAN RAMON", "categoria": "CP", "ico": "M", "codigo": "100128", "codigo_old": null, "estado": "REAL" }, "geometry": { "type": "Point", "coordinates": [ -76.11813, -5.93559 ] } },
{ "type": "Feature", "properties": { "nombre": "SAN LORENZO", "categoria": "CO", "ico": "M", "codigo": "104057", "codigo_old": null, "estado": "REAL" }, "geometry": { "type": "Point", "coordinates": [ -76.55477, -4.82954 ] } },
{ "type": "Feature", "properties": { "nombre": "SAN LORENZO", "categoria": "HLM", "ico": "H", "codigo": "220108", "codigo_old": null, "estado": "REAL" }, "geometry": { "type": "Point", "coordinates": [ -76.5554, -4.8322 ] } },
{ "type": "Feature", "properties": { "nombre": "LAGUNAS", "categoria": "HLM", "ico": "H", "codigo": "230603", "codigo_old": null, "estado": "REAL" }, "geometry": { "type": "Point", "coordinates": [ -75.6679, -5.2171 ] } },
{ "type": "Feature", "properties": { "nombre": "NAUTA", "categoria": "CO", "ico": "M", "codigo": "104056", "codigo_old": null, "estado": "REAL" }, "geometry": { "type": "Point", "coordinates": [ -73.58375, -4.51336 ] } },
{ "type": "Feature", "properties": { "nombre": "CABALLOCOCHA", "categoria": "CO", "ico": "M", "codigo": "103031", "codigo_old": null, "estado": "REAL" }, "geometry": { "type": "Point", "coordinates": [ -70.5119, -3.9112 ] } },
{ "type": "Feature", "properties": { "nombre": "PEBAS", "categoria": "CO", "ico": "M", "codigo": "103054", "codigo_old": null, "estado": "REAL" }, "geometry": { "type": "Point", "coordinates": [ -71.8588, -3.3188 ] } },
{ "type": "Feature", "properties": { "nombre": "GENARO HERRERA", "categoria": "CP", "ico": "M", "codigo": "104071", "codigo_old": null, "estado": "REAL" }, "geometry": { "type": "Point", "coordinates": [ -73.66944, -4.91003 ] } },
{ "type": "Feature", "properties": { "nombre": "PUERTO MALDONADO", "categoria": "CP", "ico": "M", "codigo": "100109", "codigo_old": null, "estado": "REAL" }, "geometry": { "type": "Point", "coordinates": [ -69.2088, -12.5873 ] } },
{ "type": "Feature", "properties": { "nombre": "IÑAPARI", "categoria": "CO", "ico": "M", "codigo": "110129", "codigo_old": null, "estado": "REAL" }, "geometry": { "type": "Point", "coordinates": [ -69.578, -10.95589 ] } },
{ "type": "Feature", "properties": { "nombre": "MOQUEGUA", "categoria": "CP", "ico": "M", "codigo": "117002", "codigo_old": null, "estado": "REAL" }, "geometry": { "type": "Point", "coordinates": [ -70.93269, -17.17875 ] } },
{ "type": "Feature", "properties": { "nombre": "CARUMAS", "categoria": "CO", "ico": "M", "codigo": "116025", "codigo_old": null, "estado": "REAL" }, "geometry": { "type": "Point", "coordinates": [ -70.6954, -16.8115 ] } },
{ "type": "Feature", "properties": { "nombre": "CALACOA", "categoria": "CO", "ico": "M", "codigo": "116051", "codigo_old": null, "estado": "REAL" }, "geometry": { "type": "Point", "coordinates": [ -70.68765, -16.73988 ] } },
{ "type": "Feature", "properties": { "nombre": "YACANGO", "categoria": "CO", "ico": "M", "codigo": "100150", "codigo_old": null, "estado": "REAL" }, "geometry": { "type": "Point", "coordinates": [ -70.86699, -17.09078 ] } },
{ "type": "Feature", "properties": { "nombre": "TUMILACA", "categoria": "HLG", "ico": "H", "codigo": "204804", "codigo_old": null, "estado": "REAL" }, "geometry": { "type": "Point", "coordinates": [ -70.83689, -17.12838 ] } },
{ "type": "Feature", "properties": { "nombre": "OMATE", "categoria": "CO", "ico": "M", "codigo": "116023", "codigo_old": null, "estado": "REAL" }, "geometry": { "type": "Point", "coordinates": [ -70.97925, -16.67531 ] } },
{ "type": "Feature", "properties": { "nombre": "PUQUINA", "categoria": "CO", "ico": "M", "codigo": "116021", "codigo_old": null, "estado": "REAL" }, "geometry": { "type": "Point", "coordinates": [ -71.18476, -16.62978 ] } },
{ "type": "Feature", "properties": { "nombre": "QUINISTAQUILLAS", "categoria": "CO", "ico": "M", "codigo": "116049", "codigo_old": null, "estado": "REAL" }, "geometry": { "type": "Point", "coordinates": [ -70.87858, -16.74971 ] } },
{ "type": "Feature", "properties": { "nombre": "UBINAS", "categoria": "CO", "ico": "M", "codigo": "100142", "codigo_old": null, "estado": "REAL" }, "geometry": { "type": "Point", "coordinates": [ -70.8541, -16.3888 ] } },
{ "type": "Feature", "properties": { "nombre": "PUNTA COLES", "categoria": "CO", "ico": "M", "codigo": "117008", "codigo_old": null, "estado": "REAL" }, "geometry": { "type": "Point", "coordinates": [ -71.37331, -17.69862 ] } },
{ "type": "Feature", "properties": { "nombre": "ILO", "categoria": "CO", "ico": "M", "codigo": "117007", "codigo_old": null, "estado": "REAL" }, "geometry": { "type": "Point", "coordinates": [ -71.27188, -17.62381 ] } },
{ "type": "Feature", "properties": { "nombre": "CERRO DE PASCO", "categoria": "CO", "ico": "M", "codigo": "110037", "codigo_old": null, "estado": "REAL" }, "geometry": { "type": "Point", "coordinates": [ -76.26421, -10.69341 ] } },
{ "type": "Feature", "properties": { "nombre": "YANAHUANCA", "categoria": "CO", "ico": "M", "codigo": "110007", "codigo_old": null, "estado": "REAL" }, "geometry": { "type": "Point", "coordinates": [ -76.5129, -10.4896 ] } },
{ "type": "Feature", "properties": { "nombre": "OXAPAMPA", "categoria": "CO", "ico": "M", "codigo": "110028", "codigo_old": null, "estado": "REAL" }, "geometry": { "type": "Point", "coordinates": [ -75.4184, -10.5642 ] } },
{ "type": "Feature", "properties": { "nombre": "SAN MIGUEL", "categoria": "MAP", "ico": "M", "codigo": "105063", "codigo_old": null, "estado": "REAL" }, "geometry": { "type": "Point", "coordinates": [ -80.68436, -5.2462 ] } },
{ "type": "Feature", "properties": { "nombre": "PARTIDOR", "categoria": "CO", "ico": "M", "codigo": "104084", "codigo_old": null, "estado": "REAL" }, "geometry": { "type": "Point", "coordinates": [ -80.27982, -4.73197 ] } },
{ "type": "Feature", "properties": { "nombre": "AYABACA", "categoria": "CP", "ico": "M", "codigo": "104058", "codigo_old": null, "estado": "REAL" }, "geometry": { "type": "Point", "coordinates": [ -79.71077, -4.63776 ] } },
{ "type": "Feature", "properties": { "nombre": "ALTO DE POCLUS", "categoria": "CP", "ico": "M", "codigo": "104097", "codigo_old": null, "estado": "REAL" }, "geometry": { "type": "Point", "coordinates": [ -79.89047, -4.9169 ] } },
{ "type": "Feature", "properties": { "nombre": "SAPILLICA", "categoria": "PLU", "ico": "M", "codigo": "104019", "codigo_old": null, "estado": "REAL" }, "geometry": { "type": "Point", "coordinates": [ -79.98178, -4.77817 ] } },
{ "type": "Feature", "properties": { "nombre": "HUANCABAMBA", "categoria": "CP", "ico": "M", "codigo": "105055", "codigo_old": null, "estado": "REAL" }, "geometry": { "type": "Point", "coordinates": [ -79.45399, -5.24681 ] } },
{ "type": "Feature", "properties": { "nombre": "SALALA", "categoria": "CP", "ico": "M", "codigo": "105096", "codigo_old": null, "estado": "REAL" }, "geometry": { "type": "Point", "coordinates": [ -79.46349, -5.11153 ] } },
{ "type": "Feature", "properties": { "nombre": "HUARMACA", "categoria": "CO", "ico": "M", "codigo": "105064", "codigo_old": null, "estado": "REAL" }, "geometry": { "type": "Point", "coordinates": [ -79.51975, -5.56479 ] } },
{ "type": "Feature", "properties": { "nombre": "SONDORILLO", "categoria": "CO", "ico": "M", "codigo": "105022", "codigo_old": null, "estado": "REAL" }, "geometry": { "type": "Point", "coordinates": [ -79.43137, -5.3398 ] } },
{ "type": "Feature", "properties": { "nombre": "CHULUCANAS", "categoria": "CO", "ico": "M", "codigo": "105070", "codigo_old": null, "estado": "REAL" }, "geometry": { "type": "Point", "coordinates": [ -80.16956, -5.10843 ] } },
{ "type": "Feature", "properties": { "nombre": "CHALACO", "categoria": "CP", "ico": "M", "codigo": "105016", "codigo_old": null, "estado": "REAL" }, "geometry": { "type": "Point", "coordinates": [ -79.79168, -5.03865 ] } },
{ "type": "Feature", "properties": { "nombre": "EL VIRREY", "categoria": "PLU", "ico": "M", "codigo": "105013", "codigo_old": null, "estado": "REAL" }, "geometry": { "type": "Point", "coordinates": [ -79.98233, -5.5337 ] } },
{ "type": "Feature", "properties": { "nombre": "SAN PEDRO", "categoria": "PLU", "ico": "M", "codigo": "100126", "codigo_old": null, "estado": "REAL" }, "geometry": { "type": "Point", "coordinates": [ -80.01621, -5.07954 ] } },
{ "type": "Feature", "properties": { "nombre": "SAN PEDRO", "categoria": "HLG", "ico": "H", "codigo": "200415", "codigo_old": null, "estado": "REAL" }, "geometry": { "type": "Point", "coordinates": [ -80.01624, -5.0796 ] } },
{ "type": "Feature", "properties": { "nombre": "MORROPON", "categoria": "CO", "ico": "M", "codigo": "105106", "codigo_old": null, "estado": "REAL" }, "geometry": { "type": "Point", "coordinates": [ -79.97107, -5.19465 ] } },
{ "type": "Feature", "properties": { "nombre": "MALACASI", "categoria": "CP", "ico": "M", "codigo": "108007", "codigo_old": null, "estado": "REAL" }, "geometry": { "type": "Point", "coordinates": [ -79.85794, -5.33977 ] } },
{ "type": "Feature", "properties": { "nombre": "SANTO DOMINGO", "categoria": "CO", "ico": "M", "codigo": "100131", "codigo_old": null, "estado": "REAL" }, "geometry": { "type": "Point", "coordinates": [ -79.87049, -5.03825 ] } },
{ "type": "Feature", "properties": { "nombre": "LA ESPERANZA", "categoria": "CP", "ico": "M", "codigo": "104090", "codigo_old": null, "estado": "REAL" }, "geometry": { "type": "Point", "coordinates": [ -81.05969, -4.92114 ] } },
{ "type": "Feature", "properties": { "nombre": "LANCONES", "categoria": "CO", "ico": "M", "codigo": "104016", "codigo_old": null, "estado": "REAL" }, "geometry": { "type": "Point", "coordinates": [ -80.54717, -4.64288 ] } },
{ "type": "Feature", "properties": { "nombre": "MALLARES", "categoria": "CP", "ico": "M", "codigo": "104079", "codigo_old": null, "estado": "REAL" }, "geometry": { "type": "Point", "coordinates": [ -80.73556, -4.85574 ] } },
{ "type": "Feature", "properties": { "nombre": "EL ALTO", "categoria": "CO", "ico": "M", "codigo": "104080", "codigo_old": null, "estado": "REAL" }, "geometry": { "type": "Point", "coordinates": [ -81.21815, -4.26198 ] } },
{ "type": "Feature", "properties": { "nombre": "CHUSIS", "categoria": "CO", "ico": "M", "codigo": "105105", "codigo_old": null, "estado": "REAL" }, "geometry": { "type": "Point", "coordinates": [ -80.81275, -5.52756 ] } },
{ "type": "Feature", "properties": { "nombre": "BERNAL", "categoria": "CO", "ico": "M", "codigo": "105012", "codigo_old": null, "estado": "REAL" }, "geometry": { "type": "Point", "coordinates": [ -80.74262, -5.4545 ] } },
{ "type": "Feature", "properties": { "nombre": "PUNO", "categoria": "CP", "ico": "M", "codigo": "100110", "codigo_old": null, "estado": "REAL" }, "geometry": { "type": "Point", "coordinates": [ -70.01208, -15.82625 ] } },
{ "type": "Feature", "properties": { "nombre": "LOS UROS", "categoria": "CO", "ico": "M", "codigo": "100088", "codigo_old": null, "estado": "REAL" }, "geometry": { "type": "Point", "coordinates": [ -69.97413, -15.82039 ] } },
{ "type": "Feature", "properties": { "nombre": "RINCON DE LA CRUZ", "categoria": "CO", "ico": "M", "codigo": "115052", "codigo_old": null, "estado": "REAL" }, "geometry": { "type": "Point", "coordinates": [ -69.80961, -15.99017 ] } },
{ "type": "Feature", "properties": { "nombre": "ISLA TAQUILE", "categoria": "CO", "ico": "M", "codigo": "115049", "codigo_old": null, "estado": "REAL" }, "geometry": { "type": "Point", "coordinates": [ -69.69107, -15.77019 ] } },
{ "type": "Feature", "properties": { "nombre": "CAPACHICA", "categoria": "CO", "ico": "M", "codigo": "100021", "codigo_old": null, "estado": "REAL" }, "geometry": { "type": "Point", "coordinates": [ -69.84222, -15.61344 ] } },
{ "type": "Feature", "properties": { "nombre": "MAÑAZO", "categoria": "CO", "ico": "M", "codigo": "115051", "codigo_old": null, "estado": "REAL" }, "geometry": { "type": "Point", "coordinates": [ -70.33949, -15.79944 ] } },
{ "type": "Feature", "properties": { "nombre": "LARAQUERI", "categoria": "CO", "ico": "M", "codigo": "116033", "codigo_old": null, "estado": "REAL" }, "geometry": { "type": "Point", "coordinates": [ -70.04587, -16.13599 ] } },
{ "type": "Feature", "properties": { "nombre": "AZANGARO", "categoria": "CO", "ico": "M", "codigo": "114041", "codigo_old": null, "estado": "REAL" }, "geometry": { "type": "Point", "coordinates": [ -70.19046, -14.9172 ] } },
{ "type": "Feature", "properties": { "nombre": "PUENTE  AZANGARO", "categoria": "HLG", "ico": "H", "codigo": "210102", "codigo_old": null, "estado": "REAL" }, "geometry": { "type": "Point", "coordinates": [ -70.18936, -14.91975 ] } },
{ "type": "Feature", "properties": { "nombre": "ARAPA", "categoria": "CO", "ico": "M", "codigo": "115035", "codigo_old": null, "estado": "REAL" }, "geometry": { "type": "Point", "coordinates": [ -70.109, -15.1786 ] } },
{ "type": "Feature", "properties": { "nombre": "MUÑANI", "categoria": "CO", "ico": "M", "codigo": "114042", "codigo_old": null, "estado": "REAL" }, "geometry": { "type": "Point", "coordinates": [ -69.95181, -14.76694 ] } },
{ "type": "Feature", "properties": { "nombre": "MACUSANI", "categoria": "CO", "ico": "M", "codigo": "114039", "codigo_old": null, "estado": "REAL" }, "geometry": { "type": "Point", "coordinates": [ -70.42205, -14.06674 ] } },
{ "type": "Feature", "properties": { "nombre": "CRUCERO", "categoria": "CO", "ico": "M", "codigo": "114058", "codigo_old": null, "estado": "REAL" }, "geometry": { "type": "Point", "coordinates": [ -70.02592, -14.36419 ] } },
{ "type": "Feature", "properties": { "nombre": "SAN GABAN", "categoria": "CO", "ico": "M", "codigo": "113119", "codigo_old": null, "estado": "REAL" }, "geometry": { "type": "Point", "coordinates": [ -70.41, -13.4609 ] } },
{ "type": "Feature", "properties": { "nombre": "JULI", "categoria": "CO", "ico": "M", "codigo": "116061", "codigo_old": null, "estado": "REAL" }, "geometry": { "type": "Point", "coordinates": [ -69.45992, -16.20378 ] } },
{ "type": "Feature", "properties": { "nombre": "PUENTE INTERNACIONAL DESAGUADERO", "categoria": "HLG", "ico": "H", "codigo": "270700", "codigo_old": null, "estado": "REAL" }, "geometry": { "type": "Point", "coordinates": [ -69.0363, -16.5638 ] } },
{ "type": "Feature", "properties": { "nombre": "PUENTE YOROHOCO CALLACAME", "categoria": "HLG", "ico": "H", "codigo": "210502", "codigo_old": null, "estado": "REAL" }, "geometry": { "type": "Point", "coordinates": [ -69.32278, -16.57065 ] } },
{ "type": "Feature", "properties": { "nombre": "PIZACOMA", "categoria": "CO", "ico": "M", "codigo": "116029", "codigo_old": null, "estado": "REAL" }, "geometry": { "type": "Point", "coordinates": [ -69.3695, -16.9043 ] } },
{ "type": "Feature", "properties": { "nombre": "ZAPATILLA", "categoria": "HLM", "ico": "H", "codigo": "270503", "codigo_old": null, "estado": "REAL" }, "geometry": { "type": "Point", "coordinates": [ -69.5787, -16.1386 ] } },
{ "type": "Feature", "properties": { "nombre": "PUENTE ILAVE", "categoria": "HLG", "ico": "H", "codigo": "210301", "codigo_old": null, "estado": "REAL" }, "geometry": { "type": "Point", "coordinates": [ -69.6317, -16.0882 ] } },
{ "type": "Feature", "properties": { "nombre": "ILAVE", "categoria": "CO", "ico": "M", "codigo": "116027", "codigo_old": null, "estado": "REAL" }, "geometry": { "type": "Point", "coordinates": [ -69.64039, -16.05994 ] } },
{ "type": "Feature", "properties": { "nombre": "MAZO CRUZ", "categoria": "CO", "ico": "M", "codigo": "116026", "codigo_old": null, "estado": "REAL" }, "geometry": { "type": "Point", "coordinates": [ -69.71544, -16.73888 ] } },
{ "type": "Feature", "properties": { "nombre": "HUANCANE", "categoria": "CO", "ico": "M", "codigo": "115037", "codigo_old": null, "estado": "REAL" }, "geometry": { "type": "Point", "coordinates": [ -69.7583, -15.20687 ] } },
{ "type": "Feature", "properties": { "nombre": "PUENTE CARRETERA HUANCANE", "categoria": "HLG", "ico": "H", "codigo": "210201", "codigo_old": null, "estado": "REAL" }, "geometry": { "type": "Point", "coordinates": [ -69.79262, -15.21588 ] } },
{ "type": "Feature", "properties": { "nombre": "PUENTE CARRETERA RAMIS", "categoria": "HLG", "ico": "H", "codigo": "210101", "codigo_old": null, "estado": "REAL" }, "geometry": { "type": "Point", "coordinates": [ -69.8738, -15.2553 ] } },
{ "type": "Feature", "properties": { "nombre": "LAMPA", "categoria": "CO", "ico": "M", "codigo": "100081", "codigo_old": null, "estado": "REAL" }, "geometry": { "type": "Point", "coordinates": [ -70.37415, -15.36109 ] } },
{ "type": "Feature", "properties": { "nombre": "PAMPAHUTA", "categoria": "CO", "ico": "M", "codigo": "115027", "codigo_old": null, "estado": "REAL" }, "geometry": { "type": "Point", "coordinates": [ -70.676, -15.4837 ] } },
{ "type": "Feature", "properties": { "nombre": "PUCARA", "categoria": "CO", "ico": "M", "codigo": "115046", "codigo_old": null, "estado": "REAL" }, "geometry": { "type": "Point", "coordinates": [ -70.36663, -15.04567 ] } },
{ "type": "Feature", "properties": { "nombre": "RIO VERDE", "categoria": "HLG", "ico": "H", "codigo": "270300", "codigo_old": null, "estado": "REAL" }, "geometry": { "type": "Point", "coordinates": [ -70.60002, -15.68427 ] } },
{ "type": "Feature", "properties": { "nombre": "CRUCERO ALTO", "categoria": "CO", "ico": "M", "codigo": "115044", "codigo_old": null, "estado": "REAL" }, "geometry": { "type": "Point", "coordinates": [ -70.9113, -15.7643 ] } },
{ "type": "Feature", "properties": { "nombre": "AYAVIRI", "categoria": "CO", "ico": "M", "codigo": "114038", "codigo_old": null, "estado": "REAL" }, "geometry": { "type": "Point", "coordinates": [ -70.5916, -14.8688 ] } },
{ "type": "Feature", "properties": { "nombre": "LLALLY", "categoria": "CO", "ico": "M", "codigo": "114034", "codigo_old": null, "estado": "REAL" }, "geometry": { "type": "Point", "coordinates": [ -70.88052, -14.95286 ] } },
{ "type": "Feature", "properties": { "nombre": "HUARAYA MOHO", "categoria": "CO", "ico": "M", "codigo": "115038", "codigo_old": null, "estado": "REAL" }, "geometry": { "type": "Point", "coordinates": [ -69.4842, -15.3881 ] } },
{ "type": "Feature", "properties": { "nombre": "PUTINA", "categoria": "CO", "ico": "M", "codigo": "114093", "codigo_old": null, "estado": "REAL" }, "geometry": { "type": "Point", "coordinates": [ -69.8757, -14.921 ] } },
{ "type": "Feature", "properties": { "nombre": "ANANEA", "categoria": "CO", "ico": "M", "codigo": "114050", "codigo_old": null, "estado": "REAL" }, "geometry": { "type": "Point", "coordinates": [ -69.5339, -14.6763 ] } },
{ "type": "Feature", "properties": { "nombre": "PUENTE UNOCOLLA COATA", "categoria": "HLG", "ico": "H", "codigo": "210407", "codigo_old": null, "estado": "REAL" }, "geometry": { "type": "Point", "coordinates": [ -70.19133, -15.45085 ] } },
{ "type": "Feature", "properties": { "nombre": "CABANILLAS", "categoria": "CO", "ico": "M", "codigo": "115033", "codigo_old": null, "estado": "REAL" }, "geometry": { "type": "Point", "coordinates": [ -70.34661, -15.63911 ] } },
{ "type": "Feature", "properties": { "nombre": "MOYOBAMBA", "categoria": "CO", "ico": "M", "codigo": "106014", "codigo_old": null, "estado": "REAL" }, "geometry": { "type": "Point", "coordinates": [ -76.96822, -6.04481 ] } },
{ "type": "Feature", "properties": { "nombre": "JEPELACIO", "categoria": "CO", "ico": "M", "codigo": "106088", "codigo_old": null, "estado": "REAL" }, "geometry": { "type": "Point", "coordinates": [ -76.90761, -6.11275 ] } },
{ "type": "Feature", "properties": { "nombre": "SORITOR", "categoria": "CO", "ico": "M", "codigo": "106083", "codigo_old": null, "estado": "REAL" }, "geometry": { "type": "Point", "coordinates": [ -77.09179, -6.142 ] } },
{ "type": "Feature", "properties": { "nombre": "BELLAVISTA", "categoria": "CO", "ico": "M", "codigo": "107012", "codigo_old": null, "estado": "REAL" }, "geometry": { "type": "Point", "coordinates": [ -76.55836, -7.05517 ] } },
{ "type": "Feature", "properties": { "nombre": "SAN PABLO", "categoria": "CO", "ico": "M", "codigo": "106091", "codigo_old": null, "estado": "REAL" }, "geometry": { "type": "Point", "coordinates": [ -76.57625, -6.80956 ] } },
{ "type": "Feature", "properties": { "nombre": "ALAO", "categoria": "CO", "ico": "M", "codigo": "106092", "codigo_old": null, "estado": "REAL" }, "geometry": { "type": "Point", "coordinates": [ -76.73806, -6.517 ] } },
{ "type": "Feature", "properties": { "nombre": "SAPOSOA", "categoria": "CO", "ico": "M", "codigo": "106032", "codigo_old": null, "estado": "REAL" }, "geometry": { "type": "Point", "coordinates": [ -76.76823, -6.94313 ] } },
{ "type": "Feature", "properties": { "nombre": "LAMAS", "categoria": "CO", "ico": "M", "codigo": "106016", "codigo_old": null, "estado": "REAL" }, "geometry": { "type": "Point", "coordinates": [ -76.52794, -6.41874 ] } },
{ "type": "Feature", "properties": { "nombre": "PONGO DE CAYNARACHI", "categoria": "CO", "ico": "M", "codigo": "100104", "codigo_old": null, "estado": "REAL" }, "geometry": { "type": "Point", "coordinates": [ -76.28175, -6.33047 ] } },
{ "type": "Feature", "properties": { "nombre": "TABALOSOS", "categoria": "CO", "ico": "M", "codigo": "106043", "codigo_old": null, "estado": "REAL" }, "geometry": { "type": "Point", "coordinates": [ -76.62533, -6.39533 ] } },
{ "type": "Feature", "properties": { "nombre": "HUAYABAMBA", "categoria": "HLG", "ico": "H", "codigo": "230504", "codigo_old": null, "estado": "REAL" }, "geometry": { "type": "Point", "coordinates": [ -76.73701, -7.26871 ] } },
{ "type": "Feature", "properties": { "nombre": "PACHIZA", "categoria": "CO", "ico": "M", "codigo": "107010", "codigo_old": null, "estado": "REAL" }, "geometry": { "type": "Point", "coordinates": [ -76.77092, -7.29322 ] } },
{ "type": "Feature", "properties": { "nombre": "PICOTA", "categoria": "HLG", "ico": "H", "codigo": "230715", "codigo_old": null, "estado": "REAL" }, "geometry": { "type": "Point", "coordinates": [ -76.3272, -6.91949 ] } },
{ "type": "Feature", "properties": { "nombre": "PILLUANA", "categoria": "CO", "ico": "M", "codigo": "106098", "codigo_old": null, "estado": "REAL" }, "geometry": { "type": "Point", "coordinates": [ -76.29056, -6.77631 ] } },
{ "type": "Feature", "properties": { "nombre": "SHAMBOYACU", "categoria": "PLU", "ico": "M", "codigo": "107091", "codigo_old": null, "estado": "REAL" }, "geometry": { "type": "Point", "coordinates": [ -76.12911, -7.0223 ] } },
{ "type": "Feature", "properties": { "nombre": "SHAMBOYACU", "categoria": "HLG", "ico": "H", "codigo": "221813", "codigo_old": null, "estado": "REAL" }, "geometry": { "type": "Point", "coordinates": [ -76.12952, -7.02302 ] } },
{ "type": "Feature", "properties": { "nombre": "TINGO DE PONAZA", "categoria": "CO", "ico": "M", "codigo": "106119", "codigo_old": null, "estado": "REAL" }, "geometry": { "type": "Point", "coordinates": [ -76.25267, -6.93722 ] } },
{ "type": "Feature", "properties": { "nombre": "RIOJA", "categoria": "CO", "ico": "M", "codigo": "106013", "codigo_old": null, "estado": "REAL" }, "geometry": { "type": "Point", "coordinates": [ -77.17197, -6.04728 ] } },
{ "type": "Feature", "properties": { "nombre": "TARAPOTO", "categoria": "CO", "ico": "M", "codigo": "100138", "codigo_old": null, "estado": "REAL" }, "geometry": { "type": "Point", "coordinates": [ -76.37039, -6.47597 ] } },
{ "type": "Feature", "properties": { "nombre": "CHAZUTA", "categoria": "CO", "ico": "M", "codigo": "106101", "codigo_old": null, "estado": "REAL" }, "geometry": { "type": "Point", "coordinates": [ -76.1315, -6.57119 ] } },
{ "type": "Feature", "properties": { "nombre": "EL PORVENIR", "categoria": "MAP", "ico": "M", "codigo": "106040", "codigo_old": null, "estado": "REAL" }, "geometry": { "type": "Point", "coordinates": [ -76.31825, -6.58903 ] } },
{ "type": "Feature", "properties": { "nombre": "PUENTE TOCACHE", "categoria": "HLG", "ico": "H", "codigo": "230700", "codigo_old": null, "estado": "REAL" }, "geometry": { "type": "Point", "coordinates": [ -76.50789, -8.18475 ] } },
{ "type": "Feature", "properties": { "nombre": "TANANTA", "categoria": "CP", "ico": "M", "codigo": "100137", "codigo_old": null, "estado": "REAL" }, "geometry": { "type": "Point", "coordinates": [ -76.58049, -8.11524 ] } },
{ "type": "Feature", "properties": { "nombre": "JORGE BASADRE", "categoria": "MAP", "ico": "M", "codigo": "118004", "codigo_old": null, "estado": "REAL" }, "geometry": { "type": "Point", "coordinates": [ -70.25153, -18.02689 ] } },
{ "type": "Feature", "properties": { "nombre": "CALANA", "categoria": "CP", "ico": "M", "codigo": "117003", "codigo_old": null, "estado": "REAL" }, "geometry": { "type": "Point", "coordinates": [ -70.1932, -17.97458 ] } },
{ "type": "Feature", "properties": { "nombre": "CORUCA", "categoria": "HLG", "ico": "H", "codigo": "214901", "codigo_old": null, "estado": "REAL" }, "geometry": { "type": "Point", "coordinates": [ -70.45456, -17.63312 ] } },
{ "type": "Feature", "properties": { "nombre": "SAMA GRANDE", "categoria": "CO", "ico": "M", "codigo": "117018", "codigo_old": null, "estado": "REAL" }, "geometry": { "type": "Point", "coordinates": [ -70.48962, -17.78758 ] } },
{ "type": "Feature", "properties": { "nombre": "CALIENTES", "categoria": "CO", "ico": "M", "codigo": "117015", "codigo_old": null, "estado": "REAL" }, "geometry": { "type": "Point", "coordinates": [ -70.1425, -17.884 ] } },
{ "type": "Feature", "properties": { "nombre": "PALCA", "categoria": "CO", "ico": "M", "codigo": "117037", "codigo_old": null, "estado": "REAL" }, "geometry": { "type": "Point", "coordinates": [ -69.95864, -17.77795 ] } },
{ "type": "Feature", "properties": { "nombre": "CANDARAVE", "categoria": "CO", "ico": "M", "codigo": "117019", "codigo_old": null, "estado": "REAL" }, "geometry": { "type": "Point", "coordinates": [ -70.25537, -17.26776 ] } },
{ "type": "Feature", "properties": { "nombre": "LOCUMBA", "categoria": "HLM", "ico": "H", "codigo": "205010", "codigo_old": null, "estado": "REAL" }, "geometry": { "type": "Point", "coordinates": [ -70.761, -17.6179 ] } },
{ "type": "Feature", "properties": { "nombre": "ILABAYA", "categoria": "CO", "ico": "M", "codigo": "117016", "codigo_old": null, "estado": "REAL" }, "geometry": { "type": "Point", "coordinates": [ -70.51281, -17.41783 ] } },
{ "type": "Feature", "properties": { "nombre": "ITE", "categoria": "CO", "ico": "M", "codigo": "117012", "codigo_old": null, "estado": "REAL" }, "geometry": { "type": "Point", "coordinates": [ -70.95169, -17.86008 ] } },
{ "type": "Feature", "properties": { "nombre": "TARATA", "categoria": "CO", "ico": "M", "codigo": "117020", "codigo_old": null, "estado": "REAL" }, "geometry": { "type": "Point", "coordinates": [ -70.03663, -17.47935 ] } },
{ "type": "Feature", "properties": { "nombre": "SUSAPAYA", "categoria": "CO", "ico": "M", "codigo": "117033", "codigo_old": null, "estado": "REAL" }, "geometry": { "type": "Point", "coordinates": [ -70.13472, -17.34771 ] } },
{ "type": "Feature", "properties": { "nombre": "PUERTO PIZARRO", "categoria": "CO", "ico": "M", "codigo": "103038", "codigo_old": null, "estado": "REAL" }, "geometry": { "type": "Point", "coordinates": [ -80.39504, -3.5038 ] } },
{ "type": "Feature", "properties": { "nombre": "LA CRUZ", "categoria": "CP", "ico": "M", "codigo": "100072", "codigo_old": null, "estado": "REAL" }, "geometry": { "type": "Point", "coordinates": [ -80.56927, -3.62829 ] } },
{ "type": "Feature", "properties": { "nombre": "EL TIGRE", "categoria": "HLG", "ico": "H", "codigo": "200202", "codigo_old": null, "estado": "REAL" }, "geometry": { "type": "Point", "coordinates": [ -80.45685, -3.76848 ] } },
{ "type": "Feature", "properties": { "nombre": "RICA PLAYA", "categoria": "CO", "ico": "M", "codigo": "103036", "codigo_old": null, "estado": "REAL" }, "geometry": { "type": "Point", "coordinates": [ -80.50546, -3.8119 ] } },
{ "type": "Feature", "properties": { "nombre": "CAÑAVERAL", "categoria": "CO", "ico": "M", "codigo": "103042", "codigo_old": null, "estado": "REAL" }, "geometry": { "type": "Point", "coordinates": [ -80.65058, -3.9391 ] } },
{ "type": "Feature", "properties": { "nombre": "PAPAYAL", "categoria": "CO", "ico": "M", "codigo": "103040", "codigo_old": null, "estado": "REAL" }, "geometry": { "type": "Point", "coordinates": [ -80.23324, -3.56732 ] } },
{ "type": "Feature", "properties": { "nombre": "AGUAYTIA", "categoria": "CO", "ico": "M", "codigo": "108028", "codigo_old": null, "estado": "REAL" }, "geometry": { "type": "Point", "coordinates": [ -75.50624, -9.04225 ] } },
{ "type": "Feature", "properties": { "nombre": "PUENTE AGUAYTIA", "categoria": "HLG", "ico": "H", "codigo": "231201", "codigo_old": null, "estado": "REAL" }, "geometry": { "type": "Point", "coordinates": [ -75.50449, -9.03738 ] } },
{ "type": "Feature", "properties": { "nombre": "SAN ALEJANDRO", "categoria": "CO", "ico": "M", "codigo": "100121", "codigo_old": null, "estado": "REAL" }, "geometry": { "type": "Point", "coordinates": [ -75.21639, -8.83444 ] } },
{ "type": "Feature", "properties": { "nombre": "SAN ALEJANDRO", "categoria": "HLM", "ico": "H", "codigo": "250103", "codigo_old": null, "estado": "REAL" }, "geometry": { "type": "Point", "coordinates": [ -75.21281, -8.83091 ] } },
{ "type": "Feature", "properties": { "nombre": "RIO GRANDE", "categoria": "CO", "ico": "M", "codigo": "114006", "codigo_old": null, "estado": "REAL" }, "geometry": { "type": "Point", "coordinates": [ -75.21306, -14.52648 ] } },
{ "type": "Feature", "properties": { "nombre": "PAMPA BLANCA", "categoria": "PE", "ico": "M", "codigo": "114066", "codigo_old": null, "estado": "REAL" }, "geometry": { "type": "Point", "coordinates": [ -75.10407, -14.23731 ] } },
{ "type": "Feature", "properties": { "nombre": "LETRAYOC", "categoria": "HLG", "ico": "H", "codigo": "203601", "codigo_old": null, "estado": "REAL" }, "geometry": { "type": "Point", "coordinates": [ -75.74496, -13.65773 ] } },
{ "type": "Feature", "properties": { "nombre": "HACIENDA BERNALES", "categoria": "CO", "ico": "M", "codigo": "100046", "codigo_old": null, "estado": "REAL" }, "geometry": { "type": "Point", "coordinates": [ -75.96641, -13.74114 ] } },
{ "type": "Feature", "properties": { "nombre": "SANTA ANA", "categoria": "MAP", "ico": "M", "codigo": "112083", "codigo_old": null, "estado": "REAL" }, "geometry": { "type": "Point", "coordinates": [ -75.22158, -12.00955 ] } },
{ "type": "Feature", "properties": { "nombre": "PUENTE BREÑA", "categoria": "HLM", "ico": "H", "codigo": "230931", "codigo_old": null, "estado": "REAL" }, "geometry": { "type": "Point", "coordinates": [ -75.24051, -12.05216 ] } },
{ "type": "Feature", "properties": { "nombre": "VIQUES", "categoria": "CO", "ico": "M", "codigo": "112037", "codigo_old": null, "estado": "REAL" }, "geometry": { "type": "Point", "coordinates": [ -75.2283, -12.15603 ] } },
{ "type": "Feature", "properties": { "nombre": "RUNATULLO", "categoria": "CO", "ico": "M", "codigo": "100119", "codigo_old": null, "estado": "REAL" }, "geometry": { "type": "Point", "coordinates": [ -75.01224, -11.61812 ] } },
{ "type": "Feature", "properties": { "nombre": "COMAS", "categoria": "CO", "ico": "M", "codigo": "111031", "codigo_old": null, "estado": "REAL" }, "geometry": { "type": "Point", "coordinates": [ -75.13012, -11.74794 ] } },
{ "type": "Feature", "properties": { "nombre": "INGENIO", "categoria": "CO", "ico": "M", "codigo": "111097", "codigo_old": null, "estado": "REAL" }, "geometry": { "type": "Point", "coordinates": [ -75.29665, -11.87521 ] } },
{ "type": "Feature", "properties": { "nombre": "PICHANAKI", "categoria": "CO", "ico": "M", "codigo": "110008", "codigo_old": null, "estado": "REAL" }, "geometry": { "type": "Point", "coordinates": [ -74.86681, -10.93352 ] } },
{ "type": "Feature", "properties": { "nombre": "RIO TULUMAYO", "categoria": "HLM", "ico": "H", "codigo": "250501", "codigo_old": null, "estado": "REAL" }, "geometry": { "type": "Point", "coordinates": [ -75.3348, -11.2091 ] } },
{ "type": "Feature", "properties": { "nombre": "RICRAN", "categoria": "CO", "ico": "M", "codigo": "111095", "codigo_old": null, "estado": "REAL" }, "geometry": { "type": "Point", "coordinates": [ -75.5273, -11.54 ] } },
{ "type": "Feature", "properties": { "nombre": "JAUJA", "categoria": "CO", "ico": "M", "codigo": "111005", "codigo_old": null, "estado": "REAL" }, "geometry": { "type": "Point", "coordinates": [ -75.48687, -11.78663 ] } },
{ "type": "Feature", "properties": { "nombre": "JUNIN", "categoria": "CO", "ico": "M", "codigo": "111583", "codigo_old": null, "estado": "REAL" }, "geometry": { "type": "Point", "coordinates": [ -75.98878, -11.14328 ] } },
{ "type": "Feature", "properties": { "nombre": "SATIPO", "categoria": "CO", "ico": "M", "codigo": "111038", "codigo_old": null, "estado": "REAL" }, "geometry": { "type": "Point", "coordinates": [ -74.6087, -11.2247 ] } },
{ "type": "Feature", "properties": { "nombre": "TARMA", "categoria": "CO", "ico": "M", "codigo": "111029", "codigo_old": null, "estado": "REAL" }, "geometry": { "type": "Point", "coordinates": [ -75.6899, -11.3967 ] } },
{ "type": "Feature", "properties": { "nombre": "HUASAHUASI", "categoria": "CO", "ico": "M", "codigo": "111030", "codigo_old": null, "estado": "REAL" }, "geometry": { "type": "Point", "coordinates": [ -75.6391, -11.2677 ] } },
{ "type": "Feature", "properties": { "nombre": "YANTAC", "categoria": "CO", "ico": "M", "codigo": "111076", "codigo_old": null, "estado": "REAL" }, "geometry": { "type": "Point", "coordinates": [ -76.40453, -11.34583 ] } },
{ "type": "Feature", "properties": { "nombre": "LA OROYA", "categoria": "CO", "ico": "M", "codigo": "111046", "codigo_old": null, "estado": "REAL" }, "geometry": { "type": "Point", "coordinates": [ -75.95762, -11.57177 ] } },
{ "type": "Feature", "properties": { "nombre": "HUAYAO", "categoria": "CP", "ico": "M", "codigo": "112056", "codigo_old": null, "estado": "REAL" }, "geometry": { "type": "Point", "coordinates": [ -75.32049, -12.0402 ] } },
{ "type": "Feature", "properties": { "nombre": "SAN JUAN DE JARPA", "categoria": "CO", "ico": "M", "codigo": "112028", "codigo_old": null, "estado": "REAL" }, "geometry": { "type": "Point", "coordinates": [ -75.43178, -12.12454 ] } },
{ "type": "Feature", "properties": { "nombre": "LAIVE", "categoria": "CO", "ico": "M", "codigo": "112059", "codigo_old": null, "estado": "REAL" }, "geometry": { "type": "Point", "coordinates": [ -75.36053, -12.25229 ] } },
{ "type": "Feature", "properties": { "nombre": "TRUJILLO", "categoria": "CO", "ico": "M", "codigo": "108068", "codigo_old": null, "estado": "REAL" }, "geometry": { "type": "Point", "coordinates": [ -78.9851, -8.11203 ] } },
{ "type": "Feature", "properties": { "nombre": "CHERREPE", "categoria": "CO", "ico": "M", "codigo": "100028", "codigo_old": null, "estado": "REAL" }, "geometry": { "type": "Point", "coordinates": [ -79.56118, -7.11887 ] } },
{ "type": "Feature", "properties": { "nombre": "CALLANCAS", "categoria": "CO", "ico": "M", "codigo": "107054", "codigo_old": null, "estado": "REAL" }, "geometry": { "type": "Point", "coordinates": [ -78.47727, -7.76747 ] } },
{ "type": "Feature", "properties": { "nombre": "SALPO", "categoria": "CO", "ico": "M", "codigo": "108001", "codigo_old": null, "estado": "REAL" }, "geometry": { "type": "Point", "coordinates": [ -78.6071, -8.00535 ] } },
{ "type": "Feature", "properties": { "nombre": "HUAMACHUCO", "categoria": "CO", "ico": "M", "codigo": "107009", "codigo_old": null, "estado": "REAL" }, "geometry": { "type": "Point", "coordinates": [ -78.04013, -7.81916 ] } },
{ "type": "Feature", "properties": { "nombre": "CACHICADAN", "categoria": "CO", "ico": "M", "codigo": "108045", "codigo_old": null, "estado": "REAL" }, "geometry": { "type": "Point", "coordinates": [ -78.14938, -8.09184 ] } },
{ "type": "Feature", "properties": { "nombre": "REQUE", "categoria": "CO", "ico": "M", "codigo": "106046", "codigo_old": null, "estado": "REAL" }, "geometry": { "type": "Point", "coordinates": [ -79.8355, -6.88613 ] } },
{ "type": "Feature", "properties": { "nombre": "OYOTUN", "categoria": "CO", "ico": "M", "codigo": "106109", "codigo_old": null, "estado": "REAL" }, "geometry": { "type": "Point", "coordinates": [ -79.32062, -6.86394 ] } },
{ "type": "Feature", "properties": { "nombre": "SIPAN", "categoria": "CO", "ico": "M", "codigo": "106036", "codigo_old": null, "estado": "REAL" }, "geometry": { "type": "Point", "coordinates": [ -79.60002, -6.80141 ] } },
{ "type": "Feature", "properties": { "nombre": "CAYALTI", "categoria": "CP", "ico": "M", "codigo": "106042", "codigo_old": null, "estado": "REAL" }, "geometry": { "type": "Point", "coordinates": [ -79.547, -6.8808 ] } },
{ "type": "Feature", "properties": { "nombre": "JAYANCA", "categoria": "CO", "ico": "M", "codigo": "106047", "codigo_old": null, "estado": "REAL" }, "geometry": { "type": "Point", "coordinates": [ -79.76869, -6.33159 ] } },
{ "type": "Feature", "properties": { "nombre": "PASABAR", "categoria": "CP", "ico": "M", "codigo": "105076", "codigo_old": null, "estado": "REAL" }, "geometry": { "type": "Point", "coordinates": [ -79.81908, -5.83722 ] } },
{ "type": "Feature", "properties": { "nombre": "LAMBAYEQUE", "categoria": "CP", "ico": "M", "codigo": "106108", "codigo_old": null, "estado": "REAL" }, "geometry": { "type": "Point", "coordinates": [ -79.90894, -6.73438 ] } },
{ "type": "Feature", "properties": { "nombre": "CAMPO DE MARTE", "categoria": "CP", "ico": "M", "codigo": "112171", "codigo_old": null, "estado": "REAL" }, "geometry": { "type": "Point", "coordinates": [ -77.04317, -12.07053 ] } },
{ "type": "Feature", "properties": { "nombre": "CHOSICA", "categoria": "PLU", "ico": "M", "codigo": "111060", "codigo_old": null, "estado": "REAL" }, "geometry": { "type": "Point", "coordinates": [ -76.68975, -11.92986 ] } },
{ "type": "Feature", "properties": { "nombre": "CHOSICA", "categoria": "HLG", "ico": "H", "codigo": "202906", "codigo_old": null, "estado": "REAL" }, "geometry": { "type": "Point", "coordinates": [ -76.68973, -11.92983 ] } },
{ "type": "Feature", "properties": { "nombre": "ÑAÑA", "categoria": "CO", "ico": "M", "codigo": "111023", "codigo_old": null, "estado": "REAL" }, "geometry": { "type": "Point", "coordinates": [ -76.84194, -11.98744 ] } },
{ "type": "Feature", "properties": { "nombre": "PUENTE HUACHIPA", "categoria": "HLM", "ico": "H", "codigo": "202910", "codigo_old": null, "estado": "REAL" }, "geometry": { "type": "Point", "coordinates": [ -76.89441, -12.01281 ] } },
{ "type": "Feature", "properties": { "nombre": "YONAN GORE", "categoria": "EHA", "ico": "H", "codigo": "4726E508", "codigo_old": null, "estado": "AUTOMATICA" }, "geometry": { "type": "Point", "coordinates": [ -79.09909, -7.25592 ] } },
{ "type": "Feature", "properties": { "nombre": "CUTERVO", "categoria": "EMA", "ico": "M", "codigo": "4726A602", "codigo_old": null, "estado": "AUTOMATICA" }, "geometry": { "type": "Point", "coordinates": [ -78.81339, -6.37914 ] } },
{ "type": "Feature", "properties": { "nombre": "TUNEL CHOTANO", "categoria": "EHMA", "ico": "H", "codigo": "47E1F02E", "codigo_old": null, "estado": "AUTOMATICA" }, "geometry": { "type": "Point", "coordinates": [ -78.78432, -6.54049 ] } },
{ "type": "Feature", "properties": { "nombre": "CUMBA", "categoria": "EHA", "ico": "H", "codigo": "472B3006", "codigo_old": null, "estado": "AUTOMATICA" }, "geometry": { "type": "Point", "coordinates": [ -78.66413, -5.94135 ] } },
{ "type": "Feature", "properties": { "nombre": "BAMBAMARCA M", "categoria": "EMA", "ico": "M", "codigo": "472680EE", "codigo_old": null, "estado": "AUTOMATICA" }, "geometry": { "type": "Point", "coordinates": [ -78.52346, -6.67981 ] } },
{ "type": "Feature", "properties": { "nombre": "BAMBAMARCA H", "categoria": "EHA", "ico": "H", "codigo": "4726D092", "codigo_old": null, "estado": "AUTOMATICA" }, "geometry": { "type": "Point", "coordinates": [ -78.54119, -6.66975 ] } },
{ "type": "Feature", "properties": { "nombre": "CHUGUR", "categoria": "EMA", "ico": "M", "codigo": "4727F484", "codigo_old": null, "estado": "AUTOMATICA" }, "geometry": { "type": "Point", "coordinates": [ -78.738, -6.66878 ] } },
{ "type": "Feature", "properties": { "nombre": "JAEN", "categoria": "EMA", "ico": "M", "codigo": "47269398", "codigo_old": null, "estado": "AUTOMATICA" }, "geometry": { "type": "Point", "coordinates": [ -78.77418, -5.67667 ] } },
{ "type": "Feature", "properties": { "nombre": "CACAO", "categoria": "EHMA", "ico": "H", "codigo": "221008", "codigo_old": null, "estado": "AUTOMATICA" }, "geometry": { "type": "Point", "coordinates": [ -78.96256, -5.88406 ] } },
{ "type": "Feature", "properties": { "nombre": "SAUZAL", "categoria": "EHMA", "ico": "H", "codigo": "105136", "codigo_old": null, "estado": "AUTOMATICA" }, "geometry": { "type": "Point", "coordinates": [ -79.39769, -5.77168 ] } },
{ "type": "Feature", "properties": { "nombre": "HUALLAPE", "categoria": "EHA", "ico": "H", "codigo": "472A571A", "codigo_old": null, "estado": "AUTOMATICA" }, "geometry": { "type": "Point", "coordinates": [ -78.69579, -5.45077 ] } },
{ "type": "Feature", "properties": { "nombre": "SAN IGNACIO", "categoria": "EMA", "ico": "M", "codigo": "4726706A", "codigo_old": null, "estado": "AUTOMATICA" }, "geometry": { "type": "Point", "coordinates": [ -78.99989, -5.14422 ] } },
{ "type": "Feature", "properties": { "nombre": "SAN MARCOS", "categoria": "EAMA", "ico": "M", "codigo": "4725E206", "codigo_old": null, "estado": "AUTOMATICA" }, "geometry": { "type": "Point", "coordinates": [ -78.17269, -7.32249 ] } },
{ "type": "Feature", "properties": { "nombre": "CAÑAD", "categoria": "EHMA", "ico": "H", "codigo": "47E1C5B4", "codigo_old": null, "estado": "AUTOMATICA" }, "geometry": { "type": "Point", "coordinates": [ -78.99733, -6.64934 ] } },
{ "type": "Feature", "properties": { "nombre": "CIRATO", "categoria": "EHMA", "ico": "H", "codigo": "4724D566", "codigo_old": null, "estado": "AUTOMATICA" }, "geometry": { "type": "Point", "coordinates": [ -79.07384, -6.65583 ] } },
{ "type": "Feature", "properties": { "nombre": "PUENTE AMBAN", "categoria": "EHMA", "ico": "H", "codigo": "47E1E358", "codigo_old": null, "estado": "AUTOMATICA" }, "geometry": { "type": "Point", "coordinates": [ -78.91262, -6.58271 ] } },
{ "type": "Feature", "properties": { "nombre": "CHANCAY BAÑOS", "categoria": "EMA", "ico": "M", "codigo": "47E3055E", "codigo_old": null, "estado": "AUTOMATICA" }, "geometry": { "type": "Point", "coordinates": [ -78.86721, -6.57489 ] } },
{ "type": "Feature", "properties": { "nombre": "POMACANCHI", "categoria": "EMA", "ico": "M", "codigo": "114132", "codigo_old": null, "estado": "AUTOMATICA" }, "geometry": { "type": "Point", "coordinates": [ -71.5726, -14.0278 ] } },
{ "type": "Feature", "properties": { "nombre": "SORAYPAMPA", "categoria": "EMA", "ico": "M", "codigo": "47294362", "codigo_old": null, "estado": "AUTOMATICA" }, "geometry": { "type": "Point", "coordinates": [ -72.5736, -13.3955 ] } },
{ "type": "Feature", "properties": { "nombre": "ANCACHURO", "categoria": "EMA", "ico": "M", "codigo": "113252", "codigo_old": null, "estado": "AUTOMATICA" }, "geometry": { "type": "Point", "coordinates": [ -72.2188, -13.4724 ] } },
{ "type": "Feature", "properties": { "nombre": "CALCA", "categoria": "EMA", "ico": "M", "codigo": "472976F8", "codigo_old": null, "estado": "AUTOMATICA" }, "geometry": { "type": "Point", "coordinates": [ -71.95524, -13.33333 ] } },
{ "type": "Feature", "properties": { "nombre": "NUEVO PISAC", "categoria": "EHMA", "ico": "H", "codigo": "472A6280", "codigo_old": null, "estado": "AUTOMATICA" }, "geometry": { "type": "Point", "coordinates": [ -71.85388, -13.42264 ] } },
{ "type": "Feature", "properties": { "nombre": "SAUSAYA", "categoria": "EMA", "ico": "M", "codigo": "114125", "codigo_old": null, "estado": "AUTOMATICA" }, "geometry": { "type": "Point", "coordinates": [ -71.35831, -14.52931 ] } },
{ "type": "Feature", "properties": { "nombre": "PAYAPUNKU", "categoria": "EMA", "ico": "M", "codigo": "114126", "codigo_old": null, "estado": "AUTOMATICA" }, "geometry": { "type": "Point", "coordinates": [ -71.28145, -14.4261 ] } },
{ "type": "Feature", "properties": { "nombre": "SICUANI", "categoria": "EAMA", "ico": "M", "codigo": "4726158C", "codigo_old": null, "estado": "AUTOMATICA" }, "geometry": { "type": "Point", "coordinates": [ -71.23669, -14.23736 ] } },
{ "type": "Feature", "properties": { "nombre": "SIBINACOCHA", "categoria": "EMA", "ico": "M", "codigo": "47E8B578", "codigo_old": null, "estado": "AUTOMATICA" }, "geometry": { "type": "Point", "coordinates": [ -71.01823, -13.92214 ] } },
{ "type": "Feature", "properties": { "nombre": "SALCCA", "categoria": "EHA", "ico": "H", "codigo": "114118", "codigo_old": null, "estado": "AUTOMATICA" }, "geometry": { "type": "Point", "coordinates": [ -71.23186, -14.16991 ] } },
{ "type": "Feature", "properties": { "nombre": "MARCA CUNKA", "categoria": "EMA", "ico": "M", "codigo": "114123", "codigo_old": null, "estado": "AUTOMATICA" }, "geometry": { "type": "Point", "coordinates": [ -72.08952, -14.49847 ] } },
{ "type": "Feature", "properties": { "nombre": "SANTO TOMAS", "categoria": "EMA", "ico": "M", "codigo": "4729A090", "codigo_old": null, "estado": "AUTOMATICA" }, "geometry": { "type": "Point", "coordinates": [ -72.09645, -14.44896 ] } },
{ "type": "Feature", "properties": { "nombre": "HUAYHUAHUASI", "categoria": "EAMA", "ico": "M", "codigo": "114124", "codigo_old": null, "estado": "AUTOMATICA" }, "geometry": { "type": "Point", "coordinates": [ -71.51991, -14.67242 ] } },
{ "type": "Feature", "properties": { "nombre": "PONGO DE MAINIQUE", "categoria": "EMA", "ico": "M", "codigo": "112264", "codigo_old": null, "estado": "AUTOMATICA" }, "geometry": { "type": "Point", "coordinates": [ -72.82447, -12.24986 ] } },
{ "type": "Feature", "properties": { "nombre": "SAN PABLO", "categoria": "EMA", "ico": "M", "codigo": "4729658E", "codigo_old": null, "estado": "AUTOMATICA" }, "geometry": { "type": "Point", "coordinates": [ -72.61988, -13.02506 ] } },
{ "type": "Feature", "properties": { "nombre": "PICHARI", "categoria": "EMA", "ico": "M", "codigo": "47E880E2", "codigo_old": null, "estado": "AUTOMATICA" }, "geometry": { "type": "Point", "coordinates": [ -73.83956, -12.52296 ] } },
{ "type": "Feature", "properties": { "nombre": "PAUCARTAMBO", "categoria": "EHA", "ico": "H", "codigo": "210007", "codigo_old": null, "estado": "AUTOMATICA" }, "geometry": { "type": "Point", "coordinates": [ -71.59741, -13.3177 ] } },
{ "type": "Feature", "properties": { "nombre": "ACJANACO ", "categoria": "EMA", "ico": "M", "codigo": "4722A338", "codigo_old": null, "estado": "AUTOMATICA" }, "geometry": { "type": "Point", "coordinates": [ -71.61941, -13.19672 ] } },
{ "type": "Feature", "properties": { "nombre": "QUINCEMIL", "categoria": "EMA", "ico": "M", "codigo": "113254", "codigo_old": null, "estado": "AUTOMATICA" }, "geometry": { "type": "Point", "coordinates": [ -70.7544, -13.2289 ] } },
{ "type": "Feature", "properties": { "nombre": "ASHANAKU", "categoria": "EMA", "ico": "M", "codigo": "113247", "codigo_old": null, "estado": "AUTOMATICA" }, "geometry": { "type": "Point", "coordinates": [ -71.58878, -13.58048 ] } },
{ "type": "Feature", "properties": { "nombre": "URUBAMBA", "categoria": "EMA", "ico": "M", "codigo": "113255", "codigo_old": null, "estado": "AUTOMATICA" }, "geometry": { "type": "Point", "coordinates": [ -72.1246, -13.3052 ] } },
{ "type": "Feature", "properties": { "nombre": "QORIHUAYRACHINA", "categoria": "EMA", "ico": "M", "codigo": "4729867C", "codigo_old": null, "estado": "AUTOMATICA" }, "geometry": { "type": "Point", "coordinates": [ -72.43383, -13.22419 ] } },
{ "type": "Feature", "properties": { "nombre": "INTIHUATANA H", "categoria": "EHA", "ico": "H", "codigo": "472935F2", "codigo_old": null, "estado": "AUTOMATICA" }, "geometry": { "type": "Point", "coordinates": [ -72.52319, -13.18517 ] } },
{ "type": "Feature", "properties": { "nombre": "MACHUPICCHU", "categoria": "EMA", "ico": "M", "codigo": "472897F0", "codigo_old": null, "estado": "AUTOMATICA" }, "geometry": { "type": "Point", "coordinates": [ -72.54585, -13.16655 ] } },
{ "type": "Feature", "properties": { "nombre": "INTIHUATANA M", "categoria": "EMA", "ico": "M", "codigo": "472852EE", "codigo_old": null, "estado": "AUTOMATICA" }, "geometry": { "type": "Point", "coordinates": [ -72.56036, -13.17418 ] } },
{ "type": "Feature", "properties": { "nombre": "HUAYLLABAMBA", "categoria": "EMA", "ico": "M", "codigo": "4727C11E", "codigo_old": null, "estado": "AUTOMATICA" }, "geometry": { "type": "Point", "coordinates": [ -72.44881, -13.26581 ] } },
{ "type": "Feature", "properties": { "nombre": "PACAYMAYO", "categoria": "EMA", "ico": "M", "codigo": "4729950A", "codigo_old": null, "estado": "AUTOMATICA" }, "geometry": { "type": "Point", "coordinates": [ -72.49841, -13.23419 ] } },
{ "type": "Feature", "properties": { "nombre": "CHILCA", "categoria": "EHA", "ico": "H", "codigo": "472A9204", "codigo_old": null, "estado": "AUTOMATICA" }, "geometry": { "type": "Point", "coordinates": [ -72.34056, -13.2235 ] } },
{ "type": "Feature", "properties": { "nombre": "COCHAMARCA", "categoria": "EAMA", "ico": "M", "codigo": "4720CDF8", "codigo_old": null, "estado": "AUTOMATICA" }, "geometry": { "type": "Point", "coordinates": [ -75.51019, -12.99 ] } },
{ "type": "Feature", "properties": { "nombre": "HUACHOS", "categoria": "EMA", "ico": "M", "codigo": "47292684", "codigo_old": null, "estado": "AUTOMATICA" }, "geometry": { "type": "Point", "coordinates": [ -75.53333, -13.21667 ] } },
{ "type": "Feature", "properties": { "nombre": "CHALLACA", "categoria": "EHMA", "ico": "H", "codigo": "47284198", "codigo_old": null, "estado": "AUTOMATICA" }, "geometry": { "type": "Point", "coordinates": [ -75.417, -13.7898 ] } },
{ "type": "Feature", "properties": { "nombre": "CORDOVA", "categoria": "EMA", "ico": "M", "codigo": "4728F216", "codigo_old": null, "estado": "AUTOMATICA" }, "geometry": { "type": "Point", "coordinates": [ -75.16667, -14.03333 ] } },
{ "type": "Feature", "properties": { "nombre": "CUSICANCHA", "categoria": "EMA", "ico": "M", "codigo": "4728C78C", "codigo_old": null, "estado": "AUTOMATICA" }, "geometry": { "type": "Point", "coordinates": [ -75.3, -13.48333 ] } },
{ "type": "Feature", "properties": { "nombre": "CHALLACA M", "categoria": "EMA", "ico": "M", "codigo": "472811E4", "codigo_old": null, "estado": "AUTOMATICA" }, "geometry": { "type": "Point", "coordinates": [ -75.3821, -13.7905 ] } },
{ "type": "Feature", "properties": { "nombre": "SANTIAGO DE CHOCORVOS", "categoria": "EMA", "ico": "M", "codigo": "4729131E", "codigo_old": null, "estado": "AUTOMATICA" }, "geometry": { "type": "Point", "coordinates": [ -75.25, -13.83333 ] } },
{ "type": "Feature", "properties": { "nombre": "COCHABAMBA GRANDE", "categoria": "EMA", "ico": "M", "codigo": "112269", "codigo_old": null, "estado": "AUTOMATICA" }, "geometry": { "type": "Point", "coordinates": [ -74.51493, -12.19238 ] } },
{ "type": "Feature", "properties": { "nombre": "CHINCHAVITO", "categoria": "EHA", "ico": "H", "codigo": "472D0552", "codigo_old": null, "estado": "AUTOMATICA" }, "geometry": { "type": "Point", "coordinates": [ -75.9425, -9.515 ] } },
{ "type": "Feature", "properties": { "nombre": "PUENTE TARUCA", "categoria": "EHA", "ico": "H", "codigo": "472B730C", "codigo_old": null, "estado": "AUTOMATICA" }, "geometry": { "type": "Point", "coordinates": [ -76.1519, -9.85056 ] } },
{ "type": "Feature", "properties": { "nombre": "SAN MARTIN", "categoria": "EMA", "ico": "M", "codigo": "4720EB14", "codigo_old": null, "estado": "AUTOMATICA" }, "geometry": { "type": "Point", "coordinates": [ -76.76482, -9.40385 ] } },
{ "type": "Feature", "properties": { "nombre": "CACHICOTO", "categoria": "EMA", "ico": "M", "codigo": "47E845FC", "codigo_old": null, "estado": "AUTOMATICA" }, "geometry": { "type": "Point", "coordinates": [ -76.21294, -9.21931 ] } },
{ "type": "Feature", "properties": { "nombre": "PUENTE BELLA", "categoria": "EHA", "ico": "H", "codigo": "472DA5AA", "codigo_old": null, "estado": "AUTOMATICA" }, "geometry": { "type": "Point", "coordinates": [ -76.02935, -9.32411 ] } },
{ "type": "Feature", "properties": { "nombre": "TINGO MARIA", "categoria": "EHMA", "ico": "H", "codigo": "47270400", "codigo_old": null, "estado": "AUTOMATICA" }, "geometry": { "type": "Point", "coordinates": [ -76.00207, -9.29601 ] } },
{ "type": "Feature", "properties": { "nombre": "PUENTE PEREZ", "categoria": "EHA", "ico": "H", "codigo": "472D1624", "codigo_old": null, "estado": "AUTOMATICA" }, "geometry": { "type": "Point", "coordinates": [ -75.9825, -9.34694 ] } },
{ "type": "Feature", "properties": { "nombre": "PUERTO INCA", "categoria": "EAMA", "ico": "M", "codigo": "4727A4F8", "codigo_old": null, "estado": "AUTOMATICA" }, "geometry": { "type": "Point", "coordinates": [ -74.96376, -9.3851 ] } },
{ "type": "Feature", "properties": { "nombre": "PUCA PUCA", "categoria": "EAMA", "ico": "M", "codigo": "109094", "codigo_old": null, "estado": "AUTOMATICA" }, "geometry": { "type": "Point", "coordinates": [ -76.5909, -9.87895 ] } },
{ "type": "Feature", "properties": { "nombre": "RAMADILLAS", "categoria": "EHA", "ico": "H", "codigo": "213507", "codigo_old": null, "estado": "AUTOMATICA" }, "geometry": { "type": "Point", "coordinates": [ -75.50129, -13.80857 ] } },
{ "type": "Feature", "properties": { "nombre": "LOS MOLINOS", "categoria": "EHA", "ico": "H", "codigo": "213506", "codigo_old": null, "estado": "AUTOMATICA" }, "geometry": { "type": "Point", "coordinates": [ -75.66696, -13.9102 ] } },
{ "type": "Feature", "properties": { "nombre": "HUAMANI EL TAMBO", "categoria": "EHMA", "ico": "H", "codigo": "213503", "codigo_old": null, "estado": "AUTOMATICA" }, "geometry": { "type": "Point", "coordinates": [ -75.58944, -13.84386 ] } },
{ "type": "Feature", "properties": { "nombre": "BETA SANTIAGO", "categoria": "EMA", "ico": "M", "codigo": "472A446C", "codigo_old": null, "estado": "AUTOMATICA" }, "geometry": { "type": "Point", "coordinates": [ -75.67022, -14.23739 ] } },
{ "type": "Feature", "properties": { "nombre": "CONTA M", "categoria": "EMA", "ico": "M", "codigo": "4728A26A", "codigo_old": null, "estado": "AUTOMATICA" }, "geometry": { "type": "Point", "coordinates": [ -75.97517, -13.43936 ] } },
{ "type": "Feature", "properties": { "nombre": "FONAGRO", "categoria": "EAMA", "ico": "M", "codigo": "4728B11C", "codigo_old": null, "estado": "AUTOMATICA" }, "geometry": { "type": "Point", "coordinates": [ -76.15167, -13.45944 ] } },
{ "type": "Feature", "properties": { "nombre": "SAN PEDRO DE HUACARPANA", "categoria": "EMA", "ico": "M", "codigo": "4728E160", "codigo_old": null, "estado": "AUTOMATICA" }, "geometry": { "type": "Point", "coordinates": [ -75.64806, -13.04889 ] } },
{ "type": "Feature", "properties": { "nombre": "IMATA", "categoria": "EMA", "ico": "M", "codigo": "47E3834A", "codigo_old": null, "estado": "AUTOMATICA" }, "geometry": { "type": "Point", "coordinates": [ -71.09062, -15.84266 ] } },
{ "type": "Feature", "properties": { "nombre": "PILLONES", "categoria": "EMA", "ico": "M", "codigo": "47E373CE", "codigo_old": null, "estado": "AUTOMATICA" }, "geometry": { "type": "Point", "coordinates": [ -71.21333, -15.97861 ] } },
{ "type": "Feature", "properties": { "nombre": "SUMBAY", "categoria": "EHA", "ico": "H", "codigo": "472ED434", "codigo_old": null, "estado": "AUTOMATICA" }, "geometry": { "type": "Point", "coordinates": [ -71.11667, -15.81667 ] } },
{ "type": "Feature", "properties": { "nombre": "SIBAYO", "categoria": "EHA", "ico": "H", "codigo": "47265686", "codigo_old": null, "estado": "AUTOMATICA" }, "geometry": { "type": "Point", "coordinates": [ -71.4638, -15.49422 ] } },
{ "type": "Feature", "properties": { "nombre": "COTACOTA", "categoria": "EMA", "ico": "M", "codigo": "47E8A60E", "codigo_old": null, "estado": "AUTOMATICA" }, "geometry": { "type": "Point", "coordinates": [ -71.38955, -15.21331 ] } },
{ "type": "Feature", "properties": { "nombre": "VISCA VISCA", "categoria": "EMA", "ico": "M", "codigo": "114119", "codigo_old": null, "estado": "AUTOMATICA" }, "geometry": { "type": "Point", "coordinates": [ -71.9787, -14.7228 ] } },
{ "type": "Feature", "properties": { "nombre": "COROPUNA", "categoria": "EMA", "ico": "M", "codigo": "115150", "codigo_old": null, "estado": "AUTOMATICA" }, "geometry": { "type": "Point", "coordinates": [ -72.61056, -15.53597 ] } },
{ "type": "Feature", "properties": { "nombre": "CUYAU", "categoria": "EHA", "ico": "H", "codigo": "115151", "codigo_old": null, "estado": "AUTOMATICA" }, "geometry": { "type": "Point", "coordinates": [ -72.93564, -15.21794 ] } },
{ "type": "Feature", "properties": { "nombre": "COTAHUASI", "categoria": "EAMA", "ico": "M", "codigo": "47280292", "codigo_old": null, "estado": "AUTOMATICA" }, "geometry": { "type": "Point", "coordinates": [ -72.89331, -15.21134 ] } },
{ "type": "Feature", "properties": { "nombre": "PAMPA CANGALLO", "categoria": "EMA", "ico": "M", "codigo": "4729D600", "codigo_old": null, "estado": "AUTOMATICA" }, "geometry": { "type": "Point", "coordinates": [ -74.19889, -13.56184 ] } },
{ "type": "Feature", "properties": { "nombre": "SANTA CRUZ DE HOSPICIO", "categoria": "EAMA", "ico": "M", "codigo": "113248", "codigo_old": null, "estado": "AUTOMATICA" }, "geometry": { "type": "Point", "coordinates": [ -74.7993, -13.4383 ] } },
{ "type": "Feature", "properties": { "nombre": "HUAC-HUAS", "categoria": "EMA", "ico": "M", "codigo": "47290068", "codigo_old": null, "estado": "AUTOMATICA" }, "geometry": { "type": "Point", "coordinates": [ -74.94583, -14.12861 ] } },
{ "type": "Feature", "properties": { "nombre": "CCONTACC", "categoria": "EMA", "ico": "M", "codigo": "114122", "codigo_old": null, "estado": "AUTOMATICA" }, "geometry": { "type": "Point", "coordinates": [ -74.2642, -14.5423 ] } },
{ "type": "Feature", "properties": { "nombre": "PAMPA GALERAS", "categoria": "EMA", "ico": "M", "codigo": "114127", "codigo_old": null, "estado": "AUTOMATICA" }, "geometry": { "type": "Point", "coordinates": [ -74.40361, -14.66917 ] } },
{ "type": "Feature", "properties": { "nombre": "HURAY HUMA", "categoria": "EMA", "ico": "M", "codigo": "114121", "codigo_old": null, "estado": "AUTOMATICA" }, "geometry": { "type": "Point", "coordinates": [ -73.5558, -14.564 ] } },
{ "type": "Feature", "properties": { "nombre": "PAUCARAY", "categoria": "EAMA", "ico": "M", "codigo": "4725B27A", "codigo_old": null, "estado": "AUTOMATICA" }, "geometry": { "type": "Point", "coordinates": [ -73.63833, -14.04361 ] } },
{ "type": "Feature", "properties": { "nombre": "UNC CAJAMARCA", "categoria": "EMA", "ico": "M", "codigo": "472645F0", "codigo_old": null, "estado": "AUTOMATICA" }, "geometry": { "type": "Point", "coordinates": [ -78.49307, -7.16747 ] } },
{ "type": "Feature", "properties": { "nombre": "CAJABAMBA", "categoria": "EMA", "ico": "M", "codigo": "4729F0EC", "codigo_old": null, "estado": "AUTOMATICA" }, "geometry": { "type": "Point", "coordinates": [ -78.05111, -7.62167 ] } },
{ "type": "Feature", "properties": { "nombre": "CRISNEJAS", "categoria": "EHA", "ico": "H", "codigo": "472A32FC", "codigo_old": null, "estado": "AUTOMATICA" }, "geometry": { "type": "Point", "coordinates": [ -78.1131, -7.4639 ] } },
{ "type": "Feature", "properties": { "nombre": "CELENDIN", "categoria": "EMA", "ico": "M", "codigo": "4726631C", "codigo_old": null, "estado": "AUTOMATICA" }, "geometry": { "type": "Point", "coordinates": [ -78.14487, -6.85303 ] } },
{ "type": "Feature", "properties": { "nombre": "BALSAS", "categoria": "EHMA", "ico": "H", "codigo": "472501F4", "codigo_old": null, "estado": "AUTOMATICA" }, "geometry": { "type": "Point", "coordinates": [ -78.03025, -6.84461 ] } },
{ "type": "Feature", "properties": { "nombre": "CHOTA", "categoria": "EMA", "ico": "M", "codigo": "4726C3E4", "codigo_old": null, "estado": "AUTOMATICA" }, "geometry": { "type": "Point", "coordinates": [ -78.67588, -6.55405 ] } },
{ "type": "Feature", "properties": { "nombre": "HUAMBOS", "categoria": "EMA", "ico": "M", "codigo": "47E94706", "codigo_old": null, "estado": "AUTOMATICA" }, "geometry": { "type": "Point", "coordinates": [ -78.96319, -6.45364 ] } },
{ "type": "Feature", "properties": { "nombre": "PUENTE SAN CARLOS", "categoria": "EHMA", "ico": "H", "codigo": "47E1D6C2", "codigo_old": null, "estado": "AUTOMATICA" }, "geometry": { "type": "Point", "coordinates": [ -79.27136, -6.61515 ] } },
{ "type": "Feature", "properties": { "nombre": "LA MUCHALA", "categoria": "EMA", "ico": "M", "codigo": "47E35522", "codigo_old": null, "estado": "AUTOMATICA" }, "geometry": { "type": "Point", "coordinates": [ -79.22406, -6.47998 ] } },
{ "type": "Feature", "properties": { "nombre": "CASCABAMBA", "categoria": "EMA", "ico": "M", "codigo": "472C92CA", "codigo_old": null, "estado": "AUTOMATICA" }, "geometry": { "type": "Point", "coordinates": [ -78.72682, -7.38407 ] } },
{ "type": "Feature", "properties": { "nombre": "PUENTE CHILETE", "categoria": "EHMA", "ico": "H", "codigo": "4727470A", "codigo_old": null, "estado": "AUTOMATICA" }, "geometry": { "type": "Point", "coordinates": [ -78.83798, -7.21968 ] } },
{ "type": "Feature", "properties": { "nombre": "GUZMANGO", "categoria": "EMA", "ico": "M", "codigo": "472C81BC", "codigo_old": null, "estado": "AUTOMATICA" }, "geometry": { "type": "Point", "coordinates": [ -78.9033, -7.38133 ] } },
{ "type": "Feature", "properties": { "nombre": "SAUCEPAMPA", "categoria": "EMA", "ico": "M", "codigo": "109091", "codigo_old": null, "estado": "AUTOMATICA" }, "geometry": { "type": "Point", "coordinates": [ -77.7763, -9.0309 ] } },
{ "type": "Feature", "properties": { "nombre": "PUENTE CAHUA", "categoria": "EHA", "ico": "H", "codigo": "472182DA", "codigo_old": null, "estado": "AUTOMATICA" }, "geometry": { "type": "Point", "coordinates": [ -77.34388, -10.60597 ] } },
{ "type": "Feature", "properties": { "nombre": "RECUAY", "categoria": "EMA", "ico": "M", "codigo": "47259496", "codigo_old": null, "estado": "AUTOMATICA" }, "geometry": { "type": "Point", "coordinates": [ -77.45365, -9.72919 ] } },
{ "type": "Feature", "properties": { "nombre": "PACHACOTO", "categoria": "EMA", "ico": "M", "codigo": "47E89394", "codigo_old": null, "estado": "AUTOMATICA" }, "geometry": { "type": "Point", "coordinates": [ -77.40607, -9.85243 ] } },
{ "type": "Feature", "properties": { "nombre": "SHAQUEK", "categoria": "EMA", "ico": "M", "codigo": "110138", "codigo_old": null, "estado": "AUTOMATICA" }, "geometry": { "type": "Point", "coordinates": [ -77.52504, -10.07116 ] } },
{ "type": "Feature", "properties": { "nombre": "PUENTE SALINAS AMOJAO", "categoria": "EHA", "ico": "H", "codigo": "472B55E0", "codigo_old": null, "estado": "AUTOMATICA" }, "geometry": { "type": "Point", "coordinates": [ -78.4894, -5.45096 ] } },
{ "type": "Feature", "properties": { "nombre": "CORRAL QUEMADO", "categoria": "EHA", "ico": "H", "codigo": "472B607A", "codigo_old": null, "estado": "AUTOMATICA" }, "geometry": { "type": "Point", "coordinates": [ -78.69208, -5.75461 ] } },
{ "type": "Feature", "properties": { "nombre": "MAGUNCHAL", "categoria": "EHA", "ico": "H", "codigo": "472B2370", "codigo_old": null, "estado": "AUTOMATICA" }, "geometry": { "type": "Point", "coordinates": [ -78.18876, -5.88987 ] } },
{ "type": "Feature", "properties": { "nombre": "NARANJITO", "categoria": "EHA", "ico": "H", "codigo": "220907", "codigo_old": null, "estado": "AUTOMATICA" }, "geometry": { "type": "Point", "coordinates": [ -78.27598, -5.81968 ] } },
{ "type": "Feature", "properties": { "nombre": "BUENA VISTA", "categoria": "EMA", "ico": "M", "codigo": "109096", "codigo_old": null, "estado": "AUTOMATICA" }, "geometry": { "type": "Point", "coordinates": [ -78.20828, -9.43372 ] } },
{ "type": "Feature", "properties": { "nombre": "CHAVIN", "categoria": "EAMA", "ico": "M", "codigo": "4725A10C", "codigo_old": null, "estado": "AUTOMATICA" }, "geometry": { "type": "Point", "coordinates": [ -77.17529, -9.58598 ] } },
{ "type": "Feature", "properties": { "nombre": "CONDORCERRO", "categoria": "EHA", "ico": "H", "codigo": "211408", "codigo_old": null, "estado": "AUTOMATICA" }, "geometry": { "type": "Point", "coordinates": [ -78.26172, -8.65793 ] } },
{ "type": "Feature", "properties": { "nombre": "SAN JACINTO", "categoria": "EHA", "ico": "H", "codigo": "211601", "codigo_old": null, "estado": "AUTOMATICA" }, "geometry": { "type": "Point", "coordinates": [ -78.2023, -9.141 ] } },
{ "type": "Feature", "properties": { "nombre": "CURAHUASI", "categoria": "EMA", "ico": "M", "codigo": "113253", "codigo_old": null, "estado": "AUTOMATICA" }, "geometry": { "type": "Point", "coordinates": [ -72.7349, -13.5526 ] } },
{ "type": "Feature", "properties": { "nombre": "GRANJA SAN ANTONIO", "categoria": "EAMA", "ico": "M", "codigo": "47263360", "codigo_old": null, "estado": "AUTOMATICA" }, "geometry": { "type": "Point", "coordinates": [ -72.85693, -13.60492 ] } },
{ "type": "Feature", "properties": { "nombre": "HUACULLO", "categoria": "EMA", "ico": "M", "codigo": "472B16EA", "codigo_old": null, "estado": "AUTOMATICA" }, "geometry": { "type": "Point", "coordinates": [ -72.57275, -14.65289 ] } },
{ "type": "Feature", "properties": { "nombre": "CASACCANCHA", "categoria": "EMA", "ico": "M", "codigo": "472A1410", "codigo_old": null, "estado": "AUTOMATICA" }, "geometry": { "type": "Point", "coordinates": [ -72.29832, -13.98923 ] } },
{ "type": "Feature", "properties": { "nombre": "PUENTE PAMPAS GORE APU", "categoria": "EHA", "ico": "H", "codigo": "250900", "codigo_old": null, "estado": "AUTOMATICA" }, "geometry": { "type": "Point", "coordinates": [ -73.82737, -13.43493 ] } },
{ "type": "Feature", "properties": { "nombre": "TANCAYLLO", "categoria": "EMA", "ico": "M", "codigo": "113246", "codigo_old": null, "estado": "AUTOMATICA" }, "geometry": { "type": "Point", "coordinates": [ -73.69004, -13.63523 ] } },
{ "type": "Feature", "properties": { "nombre": "AREQUIPA UV", "categoria": "EMA", "ico": "M", "codigo": "116085", "codigo_old": null, "estado": "AUTOMATICA" }, "geometry": { "type": "Point", "coordinates": [ -71.55155, -16.4042 ] } },
{ "type": "Feature", "properties": { "nombre": "CAYMA", "categoria": "PLU", "ico": "M", "codigo": "116083", "codigo_old": null, "estado": "AUTOMATICA" }, "geometry": { "type": "Point", "coordinates": [ -71.57919, -16.31689 ] } },
{ "type": "Feature", "properties": { "nombre": "CHARCANI", "categoria": "EHA", "ico": "H", "codigo": "472147C4", "codigo_old": null, "estado": "AUTOMATICA" }, "geometry": { "type": "Point", "coordinates": [ -71.49511, -16.31086 ] } },
{ "type": "Feature", "properties": { "nombre": "CHIGUATA", "categoria": "PLU", "ico": "M", "codigo": "116077", "codigo_old": null, "estado": "AUTOMATICA" }, "geometry": { "type": "Point", "coordinates": [ -71.40914, -16.40645 ] } },
{ "type": "Feature", "properties": { "nombre": "TINGO GRANDE", "categoria": "EHA", "ico": "H", "codigo": "472EE1AE", "codigo_old": null, "estado": "AUTOMATICA" }, "geometry": { "type": "Point", "coordinates": [ -71.57431, -16.45992 ] } },
{ "type": "Feature", "properties": { "nombre": "SAN FRANCISCO", "categoria": "PLU", "ico": "M", "codigo": "116082", "codigo_old": null, "estado": "AUTOMATICA" }, "geometry": { "type": "Point", "coordinates": [ -71.49044, -16.38519 ] } },
{ "type": "Feature", "properties": { "nombre": "TUCTUMPAYA", "categoria": "PLU", "ico": "M", "codigo": "116078", "codigo_old": null, "estado": "AUTOMATICA" }, "geometry": { "type": "Point", "coordinates": [ -71.33463, -16.48827 ] } },
{ "type": "Feature", "properties": { "nombre": "SAN JOSE DE UZUNA", "categoria": "EMA", "ico": "M", "codigo": "47E3B6D0", "codigo_old": null, "estado": "AUTOMATICA" }, "geometry": { "type": "Point", "coordinates": [ -71.32836, -16.58103 ] } },
{ "type": "Feature", "properties": { "nombre": "PUENTE DEL DIABLO", "categoria": "EHA", "ico": "H", "codigo": "4722E032", "codigo_old": null, "estado": "AUTOMATICA" }, "geometry": { "type": "Point", "coordinates": [ -71.67507, -16.42665 ] } },
{ "type": "Feature", "properties": { "nombre": "BOYADERO", "categoria": "EHA", "ico": "H", "codigo": "47E26242", "codigo_old": null, "estado": "AUTOMATICA" }, "geometry": { "type": "Point", "coordinates": [ -72.00886, -16.58989 ] } },
{ "type": "Feature", "properties": { "nombre": "PATAHUASI", "categoria": "EMA", "ico": "M", "codigo": "47E360B8", "codigo_old": null, "estado": "AUTOMATICA" }, "geometry": { "type": "Point", "coordinates": [ -71.41481, -16.05542 ] } },
{ "type": "Feature", "properties": { "nombre": "YURA", "categoria": "PLU", "ico": "M", "codigo": "116081", "codigo_old": null, "estado": "AUTOMATICA" }, "geometry": { "type": "Point", "coordinates": [ -71.62395, -16.30271 ] } },
{ "type": "Feature", "properties": { "nombre": "SOCOSANI", "categoria": "EHA", "ico": "H", "codigo": "47E27134", "codigo_old": null, "estado": "AUTOMATICA" }, "geometry": { "type": "Point", "coordinates": [ -71.72056, -16.25944 ] } },
{ "type": "Feature", "properties": { "nombre": "OCOÑA", "categoria": "EHMA", "ico": "H", "codigo": "472D23BE", "codigo_old": null, "estado": "AUTOMATICA" }, "geometry": { "type": "Point", "coordinates": [ -73.1145, -16.427 ] } },
{ "type": "Feature", "properties": { "nombre": "HUATIAPA", "categoria": "EHA", "ico": "H", "codigo": "214400", "codigo_old": null, "estado": "AUTOMATICA" }, "geometry": { "type": "Point", "coordinates": [ -72.48355, -16.00806 ] } },
{ "type": "Feature", "properties": { "nombre": "CHIVAY", "categoria": "EAMA", "ico": "M", "codigo": "4723D752", "codigo_old": null, "estado": "AUTOMATICA" }, "geometry": { "type": "Point", "coordinates": [ -71.60169, -15.64163 ] } },
{ "type": "Feature", "properties": { "nombre": "HUANCA", "categoria": "EMA", "ico": "M", "codigo": "47E3A5A6", "codigo_old": null, "estado": "AUTOMATICA" }, "geometry": { "type": "Point", "coordinates": [ -71.88108, -16.03458 ] } },
{ "type": "Feature", "properties": { "nombre": "SAN MARTIN DE PORRES", "categoria": "EAA", "ico": "M", "codigo": "112265", "codigo_old": null, "estado": "AUTOMATICA" }, "geometry": { "type": "Point", "coordinates": [ -77.08447, -12.00889 ] } },
{ "type": "Feature", "properties": { "nombre": "LAS PALMAS", "categoria": "EMA", "ico": "M", "codigo": "112281", "codigo_old": null, "estado": "AUTOMATICA" }, "geometry": { "type": "Point", "coordinates": [ -77.01303, -12.15675 ] } },
{ "type": "Feature", "properties": { "nombre": "VILLA MARIA DEL TRIUNFO", "categoria": "EAA", "ico": "M", "codigo": "112233", "codigo_old": null, "estado": "AUTOMATICA" }, "geometry": { "type": "Point", "coordinates": [ -76.92, -12.16639 ] } },
{ "type": "Feature", "properties": { "nombre": "CARAL LAS MINAS", "categoria": "EHA", "ico": "H", "codigo": "212200", "codigo_old": null, "estado": "AUTOMATICA" }, "geometry": { "type": "Point", "coordinates": [ -77.46789, -10.90961 ] } },
{ "type": "Feature", "properties": { "nombre": "HUAROS", "categoria": "EAMA", "ico": "M", "codigo": "4725F170", "codigo_old": null, "estado": "AUTOMATICA" }, "geometry": { "type": "Point", "coordinates": [ -76.57584, -11.40744 ] } },
{ "type": "Feature", "properties": { "nombre": "SOCSI", "categoria": "EHA", "ico": "H", "codigo": "472191AC", "codigo_old": null, "estado": "AUTOMATICA" }, "geometry": { "type": "Point", "coordinates": [ -76.1945, -13.02825 ] } },
{ "type": "Feature", "properties": { "nombre": "SANTO DOMINGO", "categoria": "EHMA", "ico": "H", "codigo": "47E214D2", "codigo_old": null, "estado": "AUTOMATICA" }, "geometry": { "type": "Point", "coordinates": [ -77.02833, -11.37 ] } },
{ "type": "Feature", "properties": { "nombre": "PIRCA", "categoria": "EMA", "ico": "M", "codigo": "47E34654", "codigo_old": null, "estado": "AUTOMATICA" }, "geometry": { "type": "Point", "coordinates": [ -76.65514, -11.23284 ] } },
{ "type": "Feature", "properties": { "nombre": "PUENTE CALLANTAMA", "categoria": "EHA", "ico": "H", "codigo": "47E22148", "codigo_old": null, "estado": "AUTOMATICA" }, "geometry": { "type": "Point", "coordinates": [ -76.8518, -11.2989 ] } },
{ "type": "Feature", "properties": { "nombre": "PAMPA DE MAJES", "categoria": "EMA", "ico": "M", "codigo": "4729E39A", "codigo_old": null, "estado": "AUTOMATICA" }, "geometry": { "type": "Point", "coordinates": [ -72.15266, -16.33565 ] } },
{ "type": "Feature", "properties": { "nombre": "HUANCAVELICA", "categoria": "EMA", "ico": "M", "codigo": "472722EC", "codigo_old": null, "estado": "AUTOMATICA" }, "geometry": { "type": "Point", "coordinates": [ -75.01237, -12.77163 ] } },
{ "type": "Feature", "properties": { "nombre": "GUEPPI", "categoria": "EMA", "ico": "M", "codigo": "101004", "codigo_old": null, "estado": "AUTOMATICA" }, "geometry": { "type": "Point", "coordinates": [ -75.2503, -0.1172 ] } },
{ "type": "Feature", "properties": { "nombre": "VICHAYCOCHA", "categoria": "EHA", "ico": "H", "codigo": "47E257D8", "codigo_old": null, "estado": "AUTOMATICA" }, "geometry": { "type": "Point", "coordinates": [ -76.62455, -11.13916 ] } },
{ "type": "Feature", "properties": { "nombre": "SANTA CRUZ", "categoria": "EMA", "ico": "M", "codigo": "47E330C4", "codigo_old": null, "estado": "AUTOMATICA" }, "geometry": { "type": "Point", "coordinates": [ -76.63487, -11.19827 ] } },
{ "type": "Feature", "properties": { "nombre": "CARAC", "categoria": "EMA", "ico": "M", "codigo": "47E323B2", "codigo_old": null, "estado": "AUTOMATICA" }, "geometry": { "type": "Point", "coordinates": [ -76.77937, -11.19005 ] } },
{ "type": "Feature", "properties": { "nombre": "CUCHUANCA", "categoria": "EHA", "ico": "H", "codigo": "47E2323E", "codigo_old": null, "estado": "AUTOMATICA" }, "geometry": { "type": "Point", "coordinates": [ -76.7881, -11.20158 ] } },
{ "type": "Feature", "properties": { "nombre": "MATUCANA", "categoria": "EMA", "ico": "M", "codigo": "472CE45A", "codigo_old": null, "estado": "AUTOMATICA" }, "geometry": { "type": "Point", "coordinates": [ -76.378, -11.83911 ] } },
{ "type": "Feature", "properties": { "nombre": "PUENTE ANTAPUCRO", "categoria": "EHA", "ico": "H", "codigo": "212700", "codigo_old": null, "estado": "AUTOMATICA" }, "geometry": { "type": "Point", "coordinates": [ -76.6333, -12.0333 ] } },
{ "type": "Feature", "properties": { "nombre": "RIO BLANCO", "categoria": "EHMA", "ico": "H", "codigo": "212604", "codigo_old": null, "estado": "AUTOMATICA" }, "geometry": { "type": "Point", "coordinates": [ -76.25961, -11.73447 ] } },
{ "type": "Feature", "properties": { "nombre": "CASAPALCA", "categoria": "EMA", "ico": "M", "codigo": "472D73C2", "codigo_old": null, "estado": "AUTOMATICA" }, "geometry": { "type": "Point", "coordinates": [ -76.23325, -11.638 ] } },
{ "type": "Feature", "properties": { "nombre": "SAN MATEO ", "categoria": "EHA", "ico": "H", "codigo": "212605", "codigo_old": null, "estado": "AUTOMATICA" }, "geometry": { "type": "Point", "coordinates": [ -76.30111, -11.76012 ] } },
{ "type": "Feature", "properties": { "nombre": "SAN MATEO DE OTAO", "categoria": "EMA", "ico": "M", "codigo": "472EC742", "codigo_old": null, "estado": "AUTOMATICA" }, "geometry": { "type": "Point", "coordinates": [ -76.56359, -11.847 ] } },
{ "type": "Feature", "properties": { "nombre": "SANTA EULALIA", "categoria": "EHMA", "ico": "H", "codigo": "472E24B0", "codigo_old": null, "estado": "AUTOMATICA" }, "geometry": { "type": "Point", "coordinates": [ -76.66664, -11.92 ] } },
{ "type": "Feature", "properties": { "nombre": "SANTIAGO DE TUNA", "categoria": "EMA", "ico": "M", "codigo": "472CA750", "codigo_old": null, "estado": "AUTOMATICA" }, "geometry": { "type": "Point", "coordinates": [ -76.5242, -11.9832 ] } },
{ "type": "Feature", "properties": { "nombre": "PICOY", "categoria": "EHA", "ico": "H", "codigo": "110139", "codigo_old": null, "estado": "AUTOMATICA" }, "geometry": { "type": "Point", "coordinates": [ -76.73703, -10.92159 ] } },
{ "type": "Feature", "properties": { "nombre": "SAYAN", "categoria": "EHMA", "ico": "H", "codigo": "4724966C", "codigo_old": null, "estado": "AUTOMATICA" }, "geometry": { "type": "Point", "coordinates": [ -77.19833, -11.13472 ] } },
{ "type": "Feature", "properties": { "nombre": "CARANIA", "categoria": "EAMA", "ico": "M", "codigo": "472364DC", "codigo_old": null, "estado": "AUTOMATICA" }, "geometry": { "type": "Point", "coordinates": [ -75.87215, -12.3444 ] } },
{ "type": "Feature", "properties": { "nombre": "ENAPU PERU", "categoria": "EHMA", "ico": "H", "codigo": "47252718", "codigo_old": null, "estado": "AUTOMATICA" }, "geometry": { "type": "Point", "coordinates": [ -73.23694, -3.72722 ] } },
{ "type": "Feature", "properties": { "nombre": "CABALLOCOCHA", "categoria": "EMA", "ico": "M", "codigo": "4727547C", "codigo_old": null, "estado": "AUTOMATICA" }, "geometry": { "type": "Point", "coordinates": [ -70.51206, -3.91125 ] } },
{ "type": "Feature", "properties": { "nombre": "PEBAS", "categoria": "EAMA", "ico": "M", "codigo": "47288486", "codigo_old": null, "estado": "AUTOMATICA" }, "geometry": { "type": "Point", "coordinates": [ -71.85962, -3.31791 ] } },
{ "type": "Feature", "properties": { "nombre": "CONTAMANA", "categoria": "EAMA", "ico": "M", "codigo": "47287402", "codigo_old": null, "estado": "AUTOMATICA" }, "geometry": { "type": "Point", "coordinates": [ -75.00632, -7.35254 ] } },
{ "type": "Feature", "properties": { "nombre": "BILINGURSTH", "categoria": "EHMA", "ico": "H", "codigo": "260700", "codigo_old": null, "estado": "AUTOMATICA" }, "geometry": { "type": "Point", "coordinates": [ -69.18949, -12.56083 ] } },
{ "type": "Feature", "properties": { "nombre": "CACHUELA", "categoria": "EHMA", "ico": "H", "codigo": "260403", "codigo_old": null, "estado": "AUTOMATICA" }, "geometry": { "type": "Point", "coordinates": [ -69.18304, -12.60442 ] } },
{ "type": "Feature", "properties": { "nombre": "PUENTE HERRERA", "categoria": "EHMA", "ico": "H", "codigo": "260402", "codigo_old": null, "estado": "AUTOMATICA" }, "geometry": { "type": "Point", "coordinates": [ -69.19413, -12.61361 ] } },
{ "type": "Feature", "properties": { "nombre": "TAMBOPATA", "categoria": "EHA", "ico": "H", "codigo": "260002", "codigo_old": null, "estado": "AUTOMATICA" }, "geometry": { "type": "Point", "coordinates": [ -69.17529, -12.5925 ] } },
{ "type": "Feature", "properties": { "nombre": "PUERTO MALDONADO", "categoria": "EMA", "ico": "M", "codigo": "112279", "codigo_old": null, "estado": "AUTOMATICA" }, "geometry": { "type": "Point", "coordinates": [ -69.2088, -12.5873 ] } },
{ "type": "Feature", "properties": { "nombre": "SALVACION", "categoria": "EMA", "ico": "M", "codigo": "47E8201A", "codigo_old": null, "estado": "AUTOMATICA" }, "geometry": { "type": "Point", "coordinates": [ -71.36446, -12.8312 ] } },
{ "type": "Feature", "properties": { "nombre": "IÑAPARI", "categoria": "EAMA", "ico": "M", "codigo": "472587E0", "codigo_old": null, "estado": "AUTOMATICA" }, "geometry": { "type": "Point", "coordinates": [ -69.578, -10.95589 ] } },
{ "type": "Feature", "properties": { "nombre": "MOQUEGUA", "categoria": "EMA", "ico": "M", "codigo": "4723F1BE", "codigo_old": null, "estado": "AUTOMATICA" }, "geometry": { "type": "Point", "coordinates": [ -70.93267, -17.17874 ] } },
{ "type": "Feature", "properties": { "nombre": "12 DE OCTUBRE", "categoria": "EAMA", "ico": "M", "codigo": "110137", "codigo_old": null, "estado": "AUTOMATICA" }, "geometry": { "type": "Point", "coordinates": [ -76.52927, -10.60641 ] } },
{ "type": "Feature", "properties": { "nombre": "OXAPAMPA", "categoria": "EMA", "ico": "M", "codigo": "4725D79C", "codigo_old": null, "estado": "AUTOMATICA" }, "geometry": { "type": "Point", "coordinates": [ -75.38417, -10.59417 ] } },
{ "type": "Feature", "properties": { "nombre": "PUERTO BERMUDEZ", "categoria": "EAMA", "ico": "M", "codigo": "109093", "codigo_old": null, "estado": "AUTOMATICA" }, "geometry": { "type": "Point", "coordinates": [ -74.94356, -10.28619 ] } },
{ "type": "Feature", "properties": { "nombre": "LAGARTERA", "categoria": "EHA", "ico": "H", "codigo": "47E0F2D4", "codigo_old": null, "estado": "AUTOMATICA" }, "geometry": { "type": "Point", "coordinates": [ -80.06956, -4.7285 ] } },
{ "type": "Feature", "properties": { "nombre": "BOCATOMA CHIPILLICO", "categoria": "EHA", "ico": "H", "codigo": "47E0E1A2", "codigo_old": null, "estado": "AUTOMATICA" }, "geometry": { "type": "Point", "coordinates": [ -80.11825, -4.7142 ] } },
{ "type": "Feature", "properties": { "nombre": "TAMBO GRANDE", "categoria": "EHA", "ico": "H", "codigo": "47E0522C", "codigo_old": null, "estado": "AUTOMATICA" }, "geometry": { "type": "Point", "coordinates": [ -80.34703, -4.93848 ] } },
{ "type": "Feature", "properties": { "nombre": "HUALCUY", "categoria": "EMA", "ico": "M", "codigo": "47E281B0", "codigo_old": null, "estado": "AUTOMATICA" }, "geometry": { "type": "Point", "coordinates": [ -79.60729, -4.74701 ] } },
{ "type": "Feature", "properties": { "nombre": "PAIMAS", "categoria": "EMA", "ico": "M", "codigo": "472FC5B8", "codigo_old": null, "estado": "AUTOMATICA" }, "geometry": { "type": "Point", "coordinates": [ -79.94581, -4.63439 ] } },
{ "type": "Feature", "properties": { "nombre": "SAPILLICA", "categoria": "EMA", "ico": "M", "codigo": "472FF022", "codigo_old": null, "estado": "AUTOMATICA" }, "geometry": { "type": "Point", "coordinates": [ -79.99972, -4.79639 ] } },
{ "type": "Feature", "properties": { "nombre": "EL CIRUELO", "categoria": "EHA", "ico": "H", "codigo": "47E9177A", "codigo_old": null, "estado": "AUTOMATICA" }, "geometry": { "type": "Point", "coordinates": [ -80.1673, -4.29899 ] } },
{ "type": "Feature", "properties": { "nombre": "PUENTE MACARA", "categoria": "EHA", "ico": "H", "codigo": "47E0C74E", "codigo_old": null, "estado": "AUTOMATICA" }, "geometry": { "type": "Point", "coordinates": [ -79.96412, -4.39338 ] } },
{ "type": "Feature", "properties": { "nombre": "HUANCABAMBA", "categoria": "EMA", "ico": "M", "codigo": "472FE354", "codigo_old": null, "estado": "AUTOMATICA" }, "geometry": { "type": "Point", "coordinates": [ -79.45399, -5.24681 ] } },
{ "type": "Feature", "properties": { "nombre": "HUARMACA", "categoria": "EAMA", "ico": "M", "codigo": "472761E6", "codigo_old": null, "estado": "AUTOMATICA" }, "geometry": { "type": "Point", "coordinates": [ -79.52544, -5.56586 ] } },
{ "type": "Feature", "properties": { "nombre": "CANCHAQUE", "categoria": "EMA", "ico": "M", "codigo": "472F86B2", "codigo_old": null, "estado": "AUTOMATICA" }, "geometry": { "type": "Point", "coordinates": [ -79.6052, -5.40055 ] } },
{ "type": "Feature", "properties": { "nombre": "CHULUCANAS", "categoria": "EMA", "ico": "M", "codigo": "472F6540", "codigo_old": null, "estado": "AUTOMATICA" }, "geometry": { "type": "Point", "coordinates": [ -80.16954, -5.10844 ] } },
{ "type": "Feature", "properties": { "nombre": "CORRAL DEL MEDIO", "categoria": "EHA", "ico": "H", "codigo": "47E037CA", "codigo_old": null, "estado": "AUTOMATICA" }, "geometry": { "type": "Point", "coordinates": [ -79.89148, -5.18871 ] } },
{ "type": "Feature", "properties": { "nombre": "CHALACO", "categoria": "EMA", "ico": "M", "codigo": "472FB328", "codigo_old": null, "estado": "AUTOMATICA" }, "geometry": { "type": "Point", "coordinates": [ -79.83, -5.03389 ] } },
{ "type": "Feature", "properties": { "nombre": "SAN PEDRO", "categoria": "EHA", "ico": "H", "codigo": "47E08444", "codigo_old": null, "estado": "AUTOMATICA" }, "geometry": { "type": "Point", "coordinates": [ -80.0162, -5.07954 ] } },
{ "type": "Feature", "properties": { "nombre": "MORROPON", "categoria": "EMA", "ico": "M", "codigo": "472F7636", "codigo_old": null, "estado": "AUTOMATICA" }, "geometry": { "type": "Point", "coordinates": [ -79.97107, -5.19465 ] } },
{ "type": "Feature", "properties": { "nombre": "SALITRAL", "categoria": "EHA", "ico": "H", "codigo": "47E067B6", "codigo_old": null, "estado": "AUTOMATICA" }, "geometry": { "type": "Point", "coordinates": [ -79.83761, -5.34602 ] } },
{ "type": "Feature", "properties": { "nombre": "MALACASI", "categoria": "EMA", "ico": "M", "codigo": "472FA05E", "codigo_old": null, "estado": "AUTOMATICA" }, "geometry": { "type": "Point", "coordinates": [ -79.85794, -5.33977 ] } },
{ "type": "Feature", "properties": { "nombre": "HACIENDA BIGOTE ", "categoria": "EMA", "ico": "M", "codigo": "472F95C4", "codigo_old": null, "estado": "AUTOMATICA" }, "geometry": { "type": "Point", "coordinates": [ -79.78569, -5.32089 ] } },
{ "type": "Feature", "properties": { "nombre": "HACIENDA BARRIOS", "categoria": "EHA", "ico": "H", "codigo": "47E074C0", "codigo_old": null, "estado": "AUTOMATICA" }, "geometry": { "type": "Point", "coordinates": [ -79.69909, -5.2895 ] } },
{ "type": "Feature", "properties": { "nombre": "PUENTE SIMON RODRIGUEZ", "categoria": "EHA", "ico": "H", "codigo": "47E0B1DE", "codigo_old": null, "estado": "AUTOMATICA" }, "geometry": { "type": "Point", "coordinates": [ -81.02038, -4.87999 ] } },
{ "type": "Feature", "properties": { "nombre": "LANCONES", "categoria": "EMA", "ico": "M", "codigo": "472FD6CE", "codigo_old": null, "estado": "AUTOMATICA" }, "geometry": { "type": "Point", "coordinates": [ -80.54716, -4.6429 ] } },
{ "type": "Feature", "properties": { "nombre": "ALAMOR", "categoria": "EHA", "ico": "H", "codigo": "47E0D438", "codigo_old": null, "estado": "AUTOMATICA" }, "geometry": { "type": "Point", "coordinates": [ -80.39788, -4.47749 ] } },
{ "type": "Feature", "properties": { "nombre": "LA ARDILLA", "categoria": "EHA", "ico": "H", "codigo": "47E09732", "codigo_old": null, "estado": "AUTOMATICA" }, "geometry": { "type": "Point", "coordinates": [ -80.38819, -4.49094 ] } },
{ "type": "Feature", "properties": { "nombre": "PUNO", "categoria": "EMA", "ico": "M", "codigo": "472DD33A", "codigo_old": null, "estado": "AUTOMATICA" }, "geometry": { "type": "Point", "coordinates": [ -70.01208, -15.82625 ] } },
{ "type": "Feature", "properties": { "nombre": "ENAFER", "categoria": "EHA", "ico": "H", "codigo": "47256412", "codigo_old": null, "estado": "AUTOMATICA" }, "geometry": { "type": "Point", "coordinates": [ -70.016, -15.83647 ] } },
{ "type": "Feature", "properties": { "nombre": "ILLPA", "categoria": "EMA", "ico": "M", "codigo": "472E4156", "codigo_old": null, "estado": "AUTOMATICA" }, "geometry": { "type": "Point", "coordinates": [ -70.07988, -15.68726 ] } },
{ "type": "Feature", "properties": { "nombre": "LARAQUERI", "categoria": "EMA", "ico": "M", "codigo": "472CB426", "codigo_old": null, "estado": "AUTOMATICA" }, "geometry": { "type": "Point", "coordinates": [ -70.04589, -16.13592 ] } },
{ "type": "Feature", "properties": { "nombre": "PUENTE AZANGARO", "categoria": "EHMA", "ico": "H", "codigo": "270202", "codigo_old": null, "estado": "AUTOMATICA" }, "geometry": { "type": "Point", "coordinates": [ -70.18861, -14.92139 ] } },
{ "type": "Feature", "properties": { "nombre": "UPINA", "categoria": "EAMA", "ico": "M", "codigo": "4721B992", "codigo_old": null, "estado": "AUTOMATICA" }, "geometry": { "type": "Point", "coordinates": [ -70.08281, -13.88492 ] } },
{ "type": "Feature", "properties": { "nombre": "AYMAÑA", "categoria": "EMA", "ico": "M", "codigo": "4721AAE4", "codigo_old": null, "estado": "AUTOMATICA" }, "geometry": { "type": "Point", "coordinates": [ -70.66759, -13.87279 ] } },
{ "type": "Feature", "properties": { "nombre": "DESAGUADERO", "categoria": "EHA", "ico": "H", "codigo": "270001", "codigo_old": null, "estado": "AUTOMATICA" }, "geometry": { "type": "Point", "coordinates": [ -69.03667, -16.56364 ] } },
{ "type": "Feature", "properties": { "nombre": "ILAVE", "categoria": "EHMA", "ico": "M", "codigo": "472E112A", "codigo_old": null, "estado": "AUTOMATICA" }, "geometry": { "type": "Point", "coordinates": [ -69.62592, -16.08825 ] } },
{ "type": "Feature", "properties": { "nombre": "PUENTE CARRETERA RAMIS", "categoria": "EHMA", "ico": "H", "codigo": "47251282", "codigo_old": null, "estado": "AUTOMATICA" }, "geometry": { "type": "Point", "coordinates": [ -69.87381, -15.25544 ] } },
{ "type": "Feature", "properties": { "nombre": "HUANCASAYA", "categoria": "EHMA", "ico": "H", "codigo": "210003", "codigo_old": null, "estado": "AUTOMATICA" }, "geometry": { "type": "Point", "coordinates": [ -69.21467, -15.14308 ] } },
{ "type": "Feature", "properties": { "nombre": "PAMPAHUTA", "categoria": "EMA", "ico": "M", "codigo": "472DE6A0", "codigo_old": null, "estado": "AUTOMATICA" }, "geometry": { "type": "Point", "coordinates": [ -70.67599, -15.48369 ] } },
{ "type": "Feature", "properties": { "nombre": "CRUCERO ALTO", "categoria": "EMA", "ico": "M", "codigo": "47E3903C", "codigo_old": null, "estado": "AUTOMATICA" }, "geometry": { "type": "Point", "coordinates": [ -70.911, -15.76448 ] } },
{ "type": "Feature", "properties": { "nombre": "PALCA", "categoria": "EMA", "ico": "M", "codigo": "472E37C6", "codigo_old": null, "estado": "AUTOMATICA" }, "geometry": { "type": "Point", "coordinates": [ -70.59313, -15.2359 ] } },
{ "type": "Feature", "properties": { "nombre": "ANANSAYA -PUNA", "categoria": "EMA", "ico": "M", "codigo": "114134", "codigo_old": null, "estado": "AUTOMATICA" }, "geometry": { "type": "Point", "coordinates": [ -70.52334, -14.33386 ] } },
{ "type": "Feature", "properties": { "nombre": "JULIACA", "categoria": "EMA", "ico": "M", "codigo": "472CF72C", "codigo_old": null, "estado": "AUTOMATICA" }, "geometry": { "type": "Point", "coordinates": [ -70.17122, -15.47106 ] } },
{ "type": "Feature", "properties": { "nombre": "SHANAO", "categoria": "EHA", "ico": "H", "codigo": "210006", "codigo_old": null, "estado": "AUTOMATICA" }, "geometry": { "type": "Point", "coordinates": [ -76.60001, -6.41291 ] } },
{ "type": "Feature", "properties": { "nombre": "NARANJILLO", "categoria": "EAMA", "ico": "M", "codigo": "4724851A", "codigo_old": null, "estado": "AUTOMATICA" }, "geometry": { "type": "Point", "coordinates": [ -77.39321, -5.80962 ] } },
{ "type": "Feature", "properties": { "nombre": "EL PORVENIR", "categoria": "EAMA", "ico": "M", "codigo": "4723013A", "codigo_old": null, "estado": "AUTOMATICA" }, "geometry": { "type": "Point", "coordinates": [ -76.31824, -6.58906 ] } },
{ "type": "Feature", "properties": { "nombre": "TOCACHE", "categoria": "EHMA", "ico": "H", "codigo": "47E2E456", "codigo_old": null, "estado": "AUTOMATICA" }, "geometry": { "type": "Point", "coordinates": [ -76.50789, -8.18475 ] } },
{ "type": "Feature", "properties": { "nombre": "CERRO BLANCO", "categoria": "EHA", "ico": "H", "codigo": "47E13530", "codigo_old": null, "estado": "AUTOMATICA" }, "geometry": { "type": "Point", "coordinates": [ -70.15231, -17.96873 ] } },
{ "type": "Feature", "properties": { "nombre": "CORUCA", "categoria": "EHA", "ico": "H", "codigo": "47E1A052", "codigo_old": null, "estado": "AUTOMATICA" }, "geometry": { "type": "Point", "coordinates": [ -70.45456, -17.63312 ] } },
{ "type": "Feature", "properties": { "nombre": "LA TRANCA", "categoria": "EHA", "ico": "H", "codigo": "4722F344", "codigo_old": null, "estado": "AUTOMATICA" }, "geometry": { "type": "Point", "coordinates": [ -70.47178, -17.74313 ] } },
{ "type": "Feature", "properties": { "nombre": "CAPLINA", "categoria": "EHA", "ico": "H", "codigo": "47E143A0", "codigo_old": null, "estado": "AUTOMATICA" }, "geometry": { "type": "Point", "coordinates": [ -69.92511, -17.6921 ] } },
{ "type": "Feature", "properties": { "nombre": "CHALLATA", "categoria": "EHA", "ico": "H", "codigo": "47E195C8", "codigo_old": null, "estado": "AUTOMATICA" }, "geometry": { "type": "Point", "coordinates": [ -70.09896, -17.81542 ] } },
{ "type": "Feature", "properties": { "nombre": "BOCATOMA EL AYRO", "categoria": "EMA", "ico": "M", "codigo": "47E2B42A", "codigo_old": null, "estado": "AUTOMATICA" }, "geometry": { "type": "Point", "coordinates": [ -69.62673, -17.58019 ] } },
{ "type": "Feature", "properties": { "nombre": "CANDARAVE", "categoria": "EMA", "ico": "M", "codigo": "47E2C2BA", "codigo_old": null, "estado": "AUTOMATICA" }, "geometry": { "type": "Point", "coordinates": [ -70.25409, -17.268 ] } },
{ "type": "Feature", "properties": { "nombre": "CORACHAY II", "categoria": "EHA", "ico": "H", "codigo": "47E1654C", "codigo_old": null, "estado": "AUTOMATICA" }, "geometry": { "type": "Point", "coordinates": [ -70.28838, -17.11435 ] } },
{ "type": "Feature", "properties": { "nombre": "LAGUNA ARICOTA", "categoria": "EHA", "ico": "H", "codigo": "47E12646", "codigo_old": null, "estado": "AUTOMATICA" }, "geometry": { "type": "Point", "coordinates": [ -70.30847, -17.37093 ] } },
{ "type": "Feature", "properties": { "nombre": "PUENTE VIEJO", "categoria": "EHA", "ico": "H", "codigo": "47E186BE", "codigo_old": null, "estado": "AUTOMATICA" }, "geometry": { "type": "Point", "coordinates": [ -70.76097, -17.61756 ] } },
{ "type": "Feature", "properties": { "nombre": "TICAPAMPA", "categoria": "EHA", "ico": "H", "codigo": "214800", "codigo_old": null, "estado": "AUTOMATICA" }, "geometry": { "type": "Point", "coordinates": [ -70.54263, -17.47659 ] } },
{ "type": "Feature", "properties": { "nombre": "TARATA", "categoria": "EMA", "ico": "M", "codigo": "47E2D1CC", "codigo_old": null, "estado": "AUTOMATICA" }, "geometry": { "type": "Point", "coordinates": [ -70.03665, -17.47937 ] } },
{ "type": "Feature", "properties": { "nombre": "CHUAPALCA", "categoria": "EMA", "ico": "M", "codigo": "47E292C6", "codigo_old": null, "estado": "AUTOMATICA" }, "geometry": { "type": "Point", "coordinates": [ -69.66179, -17.30882 ] } },
{ "type": "Feature", "properties": { "nombre": "PUENTE TALAPALCA", "categoria": "EHA", "ico": "H", "codigo": "47E150D6", "codigo_old": null, "estado": "AUTOMATICA" }, "geometry": { "type": "Point", "coordinates": [ -70.17265, -17.47487 ] } },
{ "type": "Feature", "properties": { "nombre": "ANCOAQUE", "categoria": "EHA", "ico": "H", "codigo": "117059", "codigo_old": null, "estado": "AUTOMATICA" }, "geometry": { "type": "Point", "coordinates": [ -69.93917, -17.19972 ] } },
{ "type": "Feature", "properties": { "nombre": "VILACOTA", "categoria": "EMA", "ico": "M", "codigo": "47E2A75C", "codigo_old": null, "estado": "AUTOMATICA" }, "geometry": { "type": "Point", "coordinates": [ -70.04302, -17.07909 ] } },
{ "type": "Feature", "properties": { "nombre": "SALIDA TUNEL KOVIRE", "categoria": "EHA", "ico": "H", "codigo": "47E1763A", "codigo_old": null, "estado": "AUTOMATICA" }, "geometry": { "type": "Point", "coordinates": [ -70.00854, -17.23804 ] } },
{ "type": "Feature", "properties": { "nombre": "REPRESA JARUMAS", "categoria": "EHA", "ico": "H", "codigo": "47E1B324", "codigo_old": null, "estado": "AUTOMATICA" }, "geometry": { "type": "Point", "coordinates": [ -69.94863, -17.3692 ] } },
{ "type": "Feature", "properties": { "nombre": "PUENTE TUMBES", "categoria": "EHA", "ico": "H", "codigo": "47E024BC", "codigo_old": null, "estado": "AUTOMATICA" }, "geometry": { "type": "Point", "coordinates": [ -80.4609, -3.5709 ] } },
{ "type": "Feature", "properties": { "nombre": "CAMPAMENTO SEDE", "categoria": "EMA", "ico": "M", "codigo": "472EF2D8", "codigo_old": null, "estado": "AUTOMATICA" }, "geometry": { "type": "Point", "coordinates": [ -80.42962, -3.55115 ] } },
{ "type": "Feature", "properties": { "nombre": "RICA PLAYA", "categoria": "EMA", "ico": "M", "codigo": "472F264A", "codigo_old": null, "estado": "AUTOMATICA" }, "geometry": { "type": "Point", "coordinates": [ -80.4575, -3.81333 ] } },
{ "type": "Feature", "properties": { "nombre": "HUASIMO", "categoria": "EMA", "ico": "M", "codigo": "472F43AC", "codigo_old": null, "estado": "AUTOMATICA" }, "geometry": { "type": "Point", "coordinates": [ -80.50392, -3.99815 ] } },
{ "type": "Feature", "properties": { "nombre": "CABO INGA M", "categoria": "EMA", "ico": "M", "codigo": "472F00A6", "codigo_old": null, "estado": "AUTOMATICA" }, "geometry": { "type": "Point", "coordinates": [ -80.40182, -3.97594 ] } },
{ "type": "Feature", "properties": { "nombre": "CABO INGA H", "categoria": "EHA", "ico": "H", "codigo": "47E01126", "codigo_old": null, "estado": "AUTOMATICA" }, "geometry": { "type": "Point", "coordinates": [ -80.39938, -3.97873 ] } },
{ "type": "Feature", "properties": { "nombre": "EL TIGRE", "categoria": "EHMA", "ico": "H", "codigo": "4724A3F6", "codigo_old": null, "estado": "AUTOMATICA" }, "geometry": { "type": "Point", "coordinates": [ -80.45689, -3.7687 ] } },
{ "type": "Feature", "properties": { "nombre": "CAÑAVERAL", "categoria": "EMA", "ico": "M", "codigo": "472F13D0", "codigo_old": null, "estado": "AUTOMATICA" }, "geometry": { "type": "Point", "coordinates": [ -80.65055, -3.93905 ] } },
{ "type": "Feature", "properties": { "nombre": "MATAPALO", "categoria": "EMA", "ico": "M", "codigo": "472F353C", "codigo_old": null, "estado": "AUTOMATICA" }, "geometry": { "type": "Point", "coordinates": [ -80.19851, -3.68276 ] } },
{ "type": "Feature", "properties": { "nombre": "PUERTO ESPERANZA", "categoria": "EMA", "ico": "M", "codigo": "47E87066", "codigo_old": null, "estado": "AUTOMATICA" }, "geometry": { "type": "Point", "coordinates": [ -70.70666, -9.77083 ] } },
{ "type": "Feature", "properties": { "nombre": "LETRAYOC", "categoria": "EHA", "ico": "H", "codigo": "213403", "codigo_old": null, "estado": "AUTOMATICA" }, "geometry": { "type": "Point", "coordinates": [ -75.74496, -13.65773 ] } },
{ "type": "Feature", "properties": { "nombre": "HUAYTAPALLANA", "categoria": "EMA", "ico": "M", "codigo": "472DF5D6", "codigo_old": null, "estado": "AUTOMATICA" }, "geometry": { "type": "Point", "coordinates": [ -75.06186, -11.92717 ] } },
{ "type": "Feature", "properties": { "nombre": "SATIPO", "categoria": "EMA", "ico": "M", "codigo": "4725C4EA", "codigo_old": null, "estado": "AUTOMATICA" }, "geometry": { "type": "Point", "coordinates": [ -74.6087, -11.2247 ] } },
{ "type": "Feature", "properties": { "nombre": "TARMA", "categoria": "EAMA", "ico": "M", "codigo": "47257764", "codigo_old": null, "estado": "AUTOMATICA" }, "geometry": { "type": "Point", "coordinates": [ -75.6899, -11.3967 ] } },
{ "type": "Feature", "properties": { "nombre": "CHACAPALPA", "categoria": "EMA", "ico": "M", "codigo": "111288", "codigo_old": null, "estado": "AUTOMATICA" }, "geometry": { "type": "Point", "coordinates": [ -75.74226, -11.7525 ] } },
{ "type": "Feature", "properties": { "nombre": "MARCAPOMACOCHA", "categoria": "EMA", "ico": "M", "codigo": "472D9030", "codigo_old": null, "estado": "AUTOMATICA" }, "geometry": { "type": "Point", "coordinates": [ -76.32508, -11.40443 ] } },
{ "type": "Feature", "properties": { "nombre": "SALINAR", "categoria": "EHA", "ico": "H", "codigo": "211001", "codigo_old": null, "estado": "AUTOMATICA" }, "geometry": { "type": "Point", "coordinates": [ -78.96109, -7.66069 ] } },
{ "type": "Feature", "properties": { "nombre": "CASAGRANDE", "categoria": "EMA", "ico": "M", "codigo": "472D30C8", "codigo_old": null, "estado": "AUTOMATICA" }, "geometry": { "type": "Point", "coordinates": [ -79.18869, -7.75031 ] } },
{ "type": "Feature", "properties": { "nombre": "CALLANCAS", "categoria": "EMA", "ico": "M", "codigo": "472D8346", "codigo_old": null, "estado": "AUTOMATICA" }, "geometry": { "type": "Point", "coordinates": [ -78.47729, -7.7675 ] } },
{ "type": "Feature", "properties": { "nombre": "LA FORTUNA", "categoria": "EMA", "ico": "M", "codigo": "107131", "codigo_old": null, "estado": "AUTOMATICA" }, "geometry": { "type": "Point", "coordinates": [ -78.40242, -7.67042 ] } },
{ "type": "Feature", "properties": { "nombre": "USQUIL", "categoria": "EMA", "ico": "M", "codigo": "472D60B4", "codigo_old": null, "estado": "AUTOMATICA" }, "geometry": { "type": "Point", "coordinates": [ -78.41497, -7.8186 ] } },
{ "type": "Feature", "properties": { "nombre": "PUENTE COINA", "categoria": "EHMA", "ico": "H", "codigo": "472E74CC", "codigo_old": null, "estado": "AUTOMATICA" }, "geometry": { "type": "Point", "coordinates": [ -78.38012, -7.79636 ] } },
{ "type": "Feature", "properties": { "nombre": "CAPACHIQUE", "categoria": "EMA", "ico": "M", "codigo": "472EB1D2", "codigo_old": null, "estado": "AUTOMATICA" }, "geometry": { "type": "Point", "coordinates": [ -78.31184, -7.85642 ] } },
{ "type": "Feature", "properties": { "nombre": "TICAPAMPA", "categoria": "EMA", "ico": "M", "codigo": "107130", "codigo_old": null, "estado": "AUTOMATICA" }, "geometry": { "type": "Point", "coordinates": [ -77.90148, -7.91641 ] } },
{ "type": "Feature", "properties": { "nombre": "QUIRUVILCA", "categoria": "EMA", "ico": "M", "codigo": "4727319A", "codigo_old": null, "estado": "AUTOMATICA" }, "geometry": { "type": "Point", "coordinates": [ -78.3079, -8.00419 ] } },
{ "type": "Feature", "properties": { "nombre": "PUENTE PALMIRA", "categoria": "EHMA", "ico": "H", "codigo": "472E5220", "codigo_old": null, "estado": "AUTOMATICA" }, "geometry": { "type": "Point", "coordinates": [ -78.81051, -7.54919 ] } },
{ "type": "Feature", "properties": { "nombre": "CASCAS", "categoria": "EMA", "ico": "M", "codigo": "472EA2A4", "codigo_old": null, "estado": "AUTOMATICA" }, "geometry": { "type": "Point", "coordinates": [ -78.82367, -7.47987 ] } },
{ "type": "Feature", "properties": { "nombre": "LUCMA", "categoria": "EMA", "ico": "M", "codigo": "472D552E", "codigo_old": null, "estado": "AUTOMATICA" }, "geometry": { "type": "Point", "coordinates": [ -78.55135, -7.64333 ] } },
{ "type": "Feature", "properties": { "nombre": "EL TAMBO", "categoria": "EHMA", "ico": "H", "codigo": "47E0A2A8", "codigo_old": null, "estado": "AUTOMATICA" }, "geometry": { "type": "Point", "coordinates": [ -78.70655, -7.57398 ] } },
{ "type": "Feature", "properties": { "nombre": "MARMOT", "categoria": "EMA", "ico": "M", "codigo": "472CC2B6", "codigo_old": null, "estado": "AUTOMATICA" }, "geometry": { "type": "Point", "coordinates": [ -78.66725, -7.7635 ] } },
{ "type": "Feature", "properties": { "nombre": "VISTA FLORIDA", "categoria": "EMA", "ico": "M", "codigo": "106140", "codigo_old": null, "estado": "AUTOMATICA" }, "geometry": { "type": "Point", "coordinates": [ -79.78088, -6.72775 ] } },
{ "type": "Feature", "properties": { "nombre": "PUCHACA", "categoria": "EHA", "ico": "H", "codigo": "106138", "codigo_old": null, "estado": "AUTOMATICA" }, "geometry": { "type": "Point", "coordinates": [ -79.46673, -6.37353 ] } },
{ "type": "Feature", "properties": { "nombre": "TONGORRAPE", "categoria": "EMA", "ico": "M", "codigo": "47201542", "codigo_old": null, "estado": "AUTOMATICA" }, "geometry": { "type": "Point", "coordinates": [ -79.68203, -6.06692 ] } },
{ "type": "Feature", "properties": { "nombre": "PASABAR", "categoria": "EAMA", "ico": "M", "codigo": "4726F67E", "codigo_old": null, "estado": "AUTOMATICA" }, "geometry": { "type": "Point", "coordinates": [ -79.81911, -5.83714 ] } },
{ "type": "Feature", "properties": { "nombre": "ANTONIO RAYMONDI", "categoria": "EMA", "ico": "M", "codigo": "472A218A", "codigo_old": null, "estado": "AUTOMATICA" }, "geometry": { "type": "Point", "coordinates": [ -77.15139, -11.77606 ] } },
{ "type": "Feature", "properties": { "nombre": "CERES", "categoria": "EMA", "ico": "M", "codigo": "112278", "codigo_old": null, "estado": "AUTOMATICA" }, "geometry": { "type": "Point", "coordinates": [ -76.92711, -12.02867 ] } },
{ "type": "Feature", "properties": { "nombre": "CARABAYLLO", "categoria": "EMA", "ico": "M", "codigo": "111286", "codigo_old": null, "estado": "AUTOMATICA" }, "geometry": { "type": "Point", "coordinates": [ -77.03364, -11.90219 ] } },
{ "type": "Feature", "properties": { "nombre": "CAMPO DE MARTE", "categoria": "EMA", "ico": "M", "codigo": "112181", "codigo_old": null, "estado": "AUTOMATICA" }, "geometry": { "type": "Point", "coordinates": [ -77.04314, -12.07056 ] } },
{ "type": "Feature", "properties": { "nombre": "VON HUMBOLDT", "categoria": "EMA", "ico": "M", "codigo": "472AC278", "codigo_old": null, "estado": "AUTOMATICA" }, "geometry": { "type": "Point", "coordinates": [ -76.93944, -12.08221 ] } },
{ "type": "Feature", "properties": { "nombre": "HUACHIPA", "categoria": "EHA", "ico": "H", "codigo": "212607", "codigo_old": null, "estado": "AUTOMATICA" }, "geometry": { "type": "Point", "coordinates": [ -76.89542, -12.01283 ] } },
{ "type": "Feature", "properties": { "nombre": "ÑAÑA", "categoria": "EMA", "ico": "M", "codigo": "111290", "codigo_old": null, "estado": "AUTOMATICA" }, "geometry": { "type": "Point", "coordinates": [ -76.84194, -11.98744 ] } },
{ "type": "Feature", "properties": { "nombre": "CHOSICA", "categoria": "EHMA", "ico": "H", "codigo": "47278214", "codigo_old": null, "estado": "AUTOMATICA" }, "geometry": { "type": "Point", "coordinates": [ -76.68964, -11.92986 ] } },
{ "type": "Feature", "properties": { "nombre": "PUENTE PIEDRA", "categoria": "EMA", "ico": "M", "codigo": "111287", "codigo_old": null, "estado": "AUTOMATICA" }, "geometry": { "type": "Point", "coordinates": [ -77.07413, -11.86325 ] } },
{ "type": "Feature", "properties": { "nombre": "SAN BORJA", "categoria": "EMA", "ico": "M", "codigo": "112193", "codigo_old": null, "estado": "AUTOMATICA" }, "geometry": { "type": "Point", "coordinates": [ -77.00769, -12.10859 ] } },
{ "type": "Feature", "properties": { "nombre": "SAN JUAN DE LURIGANCHO", "categoria": "EMA", "ico": "M", "codigo": "112267", "codigo_old": null, "estado": "AUTOMATICA" }, "geometry": { "type": "Point", "coordinates": [ -76.99925, -11.98164 ] } }
]
}
